frame,time_s,speed_ms,speed_mph,speed_ms_smooth
0,0.0,25.0675,56.0744,25.0186
1,0.05,25.0675,56.0744,24.9363
2,0.1,24.8231,55.5278,24.9001
3,0.15,24.6557,55.1533,24.7196
4,0.2,24.8869,55.6704,24.4168
5,0.25,24.1648,54.0552,24.1254
6,0.3,23.5533,52.6872,23.949
7,0.35,23.3664,52.2692,23.5615
8,0.4,23.7734,53.1796,23.3006
9,0.45,22.9498,51.3373,23.2439
10,0.5,22.8603,51.1371,23.2577
11,0.55,23.2698,52.0531,23.2459
12,0.6,23.4353,52.4232,23.3494
13,0.65,23.7142,53.0471,23.4712
14,0.7,23.4676,52.4955,23.4801
15,0.75,23.4692,52.499,23.3757
16,0.8,23.3142,52.1525,23.2835
17,0.85,22.9131,51.2552,23.1667
18,0.9,23.2534,52.0164,23.0448
19,0.95,22.8838,51.1896,23.0058
20,1.0,22.8596,51.1355,23.0185
21,1.05,23.119,51.7158,23.0015
22,1.1,22.9766,51.3972,22.9037
23,1.15,23.1683,51.826,22.9636
24,1.2,22.3948,50.0957,23.0544
25,1.25,23.1592,51.8056,23.1475
26,1.3,23.5732,52.7317,22.7515
27,1.35,23.442,52.4383,22.445
28,1.4,21.1885,47.3973,21.6296
29,1.45,20.8622,46.6674,21.3567
30,1.5,19.0819,42.685,20.7026
31,1.55,22.2089,49.68,21.2727
32,1.6,20.1714,45.122,22.0836
33,1.65,24.0389,53.7734,23.397
34,1.7,24.9171,55.738,23.6456
35,1.75,25.6485,57.374,24.3112
36,1.8,23.4519,52.4605,24.1928
37,1.85,23.4998,52.5675,23.6439
38,1.9,23.4467,52.4488,23.2209
39,1.95,22.1728,49.5992,23.0077
40,2.0,23.5332,52.6423,22.9024
41,2.05,22.3861,50.0763,22.8541
42,2.1,22.9734,51.39,23.1416
43,2.15,23.2051,51.9084,23.1219
44,2.2,23.6102,52.8145,23.2787
45,2.25,23.4345,52.4215,23.2852
46,2.3,23.1704,51.8307,23.2495
47,2.35,23.0059,51.4627,22.6834
48,2.4,23.0264,51.5085,22.4574
49,2.45,20.7798,46.4831,22.2653
50,2.5,22.3045,49.8937,22.2417
51,2.55,22.2098,49.6819,22.1735
52,2.6,22.8879,51.1987,22.6544
53,2.65,22.6855,50.7461,22.9512
54,2.7,23.1842,51.8615,23.1866
55,2.75,23.7888,53.214,23.2124
56,2.8,23.3865,52.3141,23.3098
57,2.85,23.017,51.4876,23.3734
58,2.9,23.1723,51.8349,23.1618
59,2.95,23.5022,52.5728,23.0162
60,3.0,22.7312,50.8483,22.9777
61,3.05,22.6584,50.6854,22.8675
62,3.1,22.8243,51.0564,22.7176
63,3.15,22.6214,50.6027,22.8437
64,3.2,22.7528,50.8967,23.0083
65,3.25,23.3617,52.2586,23.1131
66,3.3,23.4812,52.5259,23.1063
67,3.35,23.3482,52.2283,23.2391
68,3.4,22.5877,50.5272,23.2147
69,3.45,23.4169,52.3821,23.0831
70,3.5,23.2393,51.9848,22.994
71,3.55,22.8232,51.0541,23.0349
72,3.6,22.9029,51.2324,22.9655
73,3.65,22.7921,50.9844,22.9622
74,3.7,23.0702,51.6066,22.9894
75,3.75,23.2226,51.9475,23.0584
76,3.8,22.9591,51.3579,23.0848
77,3.85,23.2478,52.0038,23.0373
78,3.9,22.9245,51.2807,22.9918
79,3.95,22.8325,51.0747,22.9924
80,4.0,22.9951,51.4387,22.8511
81,4.05,22.9623,51.3652,22.8505
82,4.1,22.5413,50.4235,22.7791
83,4.15,22.9212,51.2733,22.7865
84,4.2,22.4755,50.2762,22.8177
85,4.25,23.0323,51.5218,22.9735
86,4.3,23.1184,51.7144,23.0492
87,4.35,23.3203,52.1659,23.0613
88,4.4,23.2996,52.1197,22.9915
89,4.45,22.536,50.4116,22.8509
90,4.5,22.6833,50.7411,22.6628
91,4.55,22.4154,50.1418,22.4891
92,4.6,22.3796,50.0617,22.4641
93,4.65,22.4312,50.1771,22.4284
94,4.7,22.4111,50.1322,22.518
95,4.75,22.5049,50.3421,22.6013
96,4.8,22.863,51.1431,22.785
97,4.85,22.7963,50.994,22.9138
98,4.9,23.3497,52.2319,23.0092
99,4.95,23.055,51.5725,23.0993
100,5.0,22.9818,51.4089,23.0386
101,5.05,23.3139,52.1517,22.8887
102,5.1,22.4924,50.3141,22.9045
103,5.15,22.6004,50.5557,22.9019
104,5.2,23.1339,51.7491,22.7523
105,5.25,22.9687,51.3796,22.9842
106,5.3,22.5661,50.4789,23.0737
107,5.35,23.6517,52.9073,22.9139
108,5.4,23.0479,51.5566,22.9197
109,5.45,22.3352,49.9625,23.0672
110,5.5,22.9978,51.4445,22.9246
111,5.55,23.3033,52.1279,22.9406
112,5.6,22.9386,51.3121,23.0332
113,5.65,23.1283,51.7365,22.9772
114,5.7,22.7981,50.9979,22.9341
115,5.75,22.7178,50.8183,23.0965
116,5.8,23.0876,51.6456,23.2029
117,5.85,23.7508,53.129,23.2528
118,5.9,23.6604,52.9268,23.3017
119,5.95,23.0474,51.5556,23.2628
120,6.0,22.9624,51.3654,23.1689
121,6.05,22.8932,51.2106,22.9918
122,6.1,23.281,52.0782,23.007
123,6.15,22.7748,50.9458,23.0531
124,6.2,23.1238,51.7265,23.0063
125,6.25,23.1928,51.8807,22.9408
126,6.3,22.6592,50.6872,23.001
127,6.35,22.9533,51.3451,23.006
128,6.4,23.0761,51.6198,23.0159
129,6.45,23.1484,51.7815,23.1007
130,6.5,23.2425,51.9919,22.9809
131,6.55,23.0833,51.6359,22.9739
132,6.6,22.3543,50.0051,22.9688
133,6.65,23.041,51.5413,22.8852
134,6.7,23.1231,51.725,22.8394
135,6.75,22.8245,51.057,22.9018
136,6.8,22.8542,51.1233,22.8772
137,6.85,22.6661,50.7027,22.8258
138,6.9,22.9183,51.2668,22.9891
139,6.95,22.8659,51.1495,23.0113
140,7.0,23.6409,52.8832,23.0548
141,7.05,22.9653,51.3719,23.1321
142,7.1,22.8835,51.1888,23.249
143,7.15,23.3049,52.1315,23.1405
144,7.2,23.4504,52.4571,23.1431
145,7.25,23.0983,51.6693,23.1159
146,7.3,22.9784,51.4013,22.956
147,7.35,22.7475,50.8846,22.8554
148,7.4,22.5056,50.3436,22.7959
149,7.45,22.9473,51.3318,22.8031
150,7.5,22.8007,51.0037,22.9079
151,7.55,23.0146,51.4821,22.8601
152,7.6,23.2714,52.0566,22.7794
153,7.65,22.2663,49.8083,22.8069
154,7.7,22.5442,50.4299,22.7331
155,7.75,22.9378,51.3104,22.6934
156,7.8,22.646,50.6577,22.8522
157,7.85,23.0726,51.6119,22.8288
158,7.9,23.0602,51.5841,22.7339
159,7.95,22.4273,50.1684,22.7621
160,8.0,22.4634,50.2492,22.8067
161,8.05,22.7869,50.9729,22.7431
162,8.1,23.2956,52.1107,22.8331
163,8.15,22.7421,50.8727,22.8948
164,8.2,22.8775,51.1755,22.8558
165,8.25,22.7717,50.9388,22.7559
166,8.3,22.5921,50.537,22.8335
167,8.35,22.7963,50.9938,22.7729
168,8.4,23.13,51.7403,22.8219
169,8.45,22.5743,50.4974,22.8292
170,8.5,23.017,51.4875,22.843
171,8.55,22.6283,50.6181,22.7913
172,8.6,22.8654,51.1484,22.8389
173,8.65,22.8715,51.162,22.768
174,8.7,22.8123,51.0297,22.8037
175,8.75,22.6623,50.6941,22.7591
176,8.8,22.8068,51.0174,22.7362
177,8.85,22.6425,50.6498,22.7562
178,8.9,22.757,50.9059,22.7911
179,8.95,22.9123,51.2533,22.715
180,9.0,22.8369,51.0846,22.6394
181,9.05,22.4264,50.1664,22.635
182,9.1,22.2644,49.804,22.6623
183,9.15,22.7351,50.8571,22.674
184,9.2,23.0487,51.5584,22.5889
185,9.25,22.8954,51.2154,22.6992
186,9.3,22.001,49.2149,22.6332
187,9.35,22.8157,51.0372,22.498
188,9.4,22.405,50.1185,22.4943
189,9.45,22.3731,50.0471,22.7251
190,9.5,22.8769,51.1742,22.7163
191,9.55,23.1547,51.7955,22.7673
192,9.6,22.7719,50.9392,22.5798
193,9.65,22.6598,50.6884,22.5518
194,9.7,21.4357,47.9504,22.4316
195,9.75,22.7369,50.8611,22.4494
196,9.8,22.5539,50.4517,22.5042
197,9.85,22.8606,51.1378,22.7561
198,9.9,22.9339,51.3017,22.7324
199,9.95,22.6952,50.7678,22.783
200,10.0,22.6183,50.5956,22.7312
201,10.05,22.8072,51.0182,22.685
202,10.1,22.6015,50.558,22.7086
203,10.15,22.7027,50.7845,22.752
204,10.2,22.8134,51.0321,22.7207
205,10.25,22.835,51.0804,22.689
206,10.3,22.6511,50.6691,22.6885
207,10.35,22.4429,50.2034,22.6803
208,10.4,22.6999,50.7782,22.6412
209,10.45,22.7726,50.9409,22.6457
210,10.5,22.6393,50.6426,22.6428
211,10.55,22.674,50.7204,22.6044
212,10.6,22.4281,50.1702,22.5492
213,10.65,22.5079,50.3488,22.5928
214,10.7,22.4969,50.3241,22.5416
215,10.75,22.8573,51.1302,22.6083
216,10.8,22.4177,50.1471,22.6268
217,10.85,22.7618,50.9167,22.6707
218,10.9,22.6005,50.5558,22.6126
219,10.95,22.716,50.8143,22.6371
220,11.0,22.567,50.481,22.6623
221,11.05,22.5404,50.4214,22.6829
222,11.1,22.8874,51.1976,22.7167
223,11.15,22.7036,50.7865,22.71
224,11.2,22.8849,51.1921,22.693
225,11.25,22.5337,50.4064,22.6392
226,11.3,22.4556,50.2318,22.599
227,11.35,22.6184,50.5959,22.4167
228,11.4,22.5026,50.3368,22.3513
229,11.45,21.9732,49.1527,22.3853
230,11.5,22.2068,49.6752,21.9103
231,11.55,22.6255,50.6117,21.8997
232,11.6,20.2436,45.2837,22.0391
233,11.65,22.4492,50.2174,22.159
234,11.7,22.6702,50.7118,22.065
235,11.75,22.8067,51.0171,22.609
236,11.8,22.1554,49.5603,22.6516
237,11.85,22.9636,51.3681,22.6297
238,11.9,22.6622,50.694,22.5752
239,11.95,22.5605,50.4663,22.545
240,12.0,22.5345,50.4083,22.373
241,12.05,22.0043,49.2222,22.37
242,12.1,22.1036,49.4443,21.9182
243,12.15,22.6473,50.6606,21.8748
244,12.2,20.3013,45.4126,21.0732
245,12.25,22.3173,49.9224,21.2237
246,12.3,17.9967,40.2575,21.2706
247,12.35,22.856,51.1275,21.8001
248,12.4,22.8816,51.1846,21.825
249,12.45,22.9488,51.335,22.8138
250,12.5,22.4417,50.2006,22.701
251,12.55,22.941,51.3176,22.6611
252,12.6,22.2918,49.8653,22.4927
253,12.65,22.6824,50.7391,22.4484
254,12.7,22.1066,49.4511,22.4118
255,12.75,22.2201,49.7048,22.3921
256,12.8,22.7583,50.9088,22.3536
257,12.85,22.1931,49.6446,22.4504
258,12.9,22.4901,50.309,22.4563
259,12.95,22.5905,50.5334,22.2855
260,13.0,22.2495,49.7706,22.3851
261,13.05,21.9042,48.9984,22.409
262,13.1,22.6911,50.7585,22.0139
263,13.15,22.6097,50.5764,21.9711
264,13.2,20.6151,46.1146,22.013
265,13.25,22.0355,49.292,21.7457
266,13.3,22.1134,49.4662,21.7384
267,13.35,21.355,47.7697,21.9265
268,13.4,22.5732,50.4948,22.059
269,13.45,21.5553,48.2179,21.7216
270,13.5,22.6981,50.7741,21.9309
271,13.55,20.4265,45.6928,21.9475
272,13.6,22.4013,50.1103,22.0743
273,13.65,22.6563,50.6807,21.5994
274,13.7,22.1891,49.6355,22.0443
275,13.75,20.3238,45.4631,22.005
276,13.8,22.6508,50.6684,21.6241
277,13.85,22.2051,49.6713,21.3543
278,13.9,20.7516,46.4201,21.7887
279,13.95,20.8401,46.6179,21.6977
280,14.0,22.496,50.3221,20.9452
281,14.05,22.1956,49.6501,21.3528
282,14.1,18.4428,41.2554,21.3486
283,14.15,22.7894,50.9785,21.3415
284,14.2,20.819,46.5707,21.3138
285,14.25,22.4609,50.2436,22.2569
286,14.3,22.057,49.3401,22.2115
287,14.35,23.1584,51.8039,22.611
288,14.4,22.5622,50.4702,22.6503
289,14.45,22.8165,51.0391,22.3854
290,14.5,22.6575,50.6834,21.9519
291,14.55,20.7325,46.3772,21.4035
292,14.6,20.9906,46.9546,21.2778
293,14.65,19.8203,44.3367,20.9801
294,14.7,22.1882,49.6336,21.2622
295,14.75,21.1688,47.3534,21.6008
296,14.8,22.1431,49.5326,22.1937
297,14.85,22.6838,50.7422,22.0418
298,14.9,22.7847,50.968,22.3781
299,14.95,21.4284,47.934,22.4705
300,15.0,22.8506,51.1154,22.418
301,15.05,22.6052,50.5664,21.434
302,15.1,22.421,50.1544,21.7857
303,15.15,17.8646,39.962,21.7702
304,15.2,23.1869,51.8676,21.457
305,15.25,22.7733,50.9425,21.5377
306,15.3,21.039,47.063,22.0272
307,15.35,22.8248,51.0577,21.5187
308,15.4,20.3122,45.437,20.9762
309,15.45,20.6443,46.18,20.5836
310,15.5,20.0609,44.8749,20.0763
311,15.55,19.076,42.6719,20.0346
312,15.6,20.288,45.3829,19.6795
313,15.65,20.1037,44.9708,20.1022
314,15.7,18.8687,42.208,19.8964
315,15.75,22.1746,49.6032,19.6503
316,15.8,18.047,40.3701,19.8772
317,15.85,19.0576,42.6305,20.4855
318,15.9,21.2382,47.5084,19.585
319,15.95,21.9099,49.0111,20.2597
320,16.0,17.6723,39.5317,20.5265
321,16.05,21.4207,47.9168,20.5457
322,16.1,20.3912,45.6137,20.673
323,16.15,21.3344,47.7236,21.2569
324,16.2,22.5462,50.4344,20.8881
325,16.25,20.5918,46.0625,20.2829
326,16.3,19.5768,43.7921,19.6406
327,16.35,17.3655,38.8456,18.52
328,16.4,18.1225,40.5389,17.8995
329,16.45,16.9436,37.9017,17.5906
330,16.5,17.4893,39.1224,18.2989
331,16.55,18.0323,40.3371,18.8282
332,16.6,20.9066,46.7666,18.958
333,16.65,20.7691,46.4592,19.6831
334,16.7,17.5926,39.3536,20.383
335,16.75,21.1147,47.2323,19.555
336,16.8,21.5322,48.1661,19.8414
337,16.85,16.7662,37.505,20.665
338,16.9,22.2013,49.6629,20.7136
339,16.95,21.7108,48.5656,20.4136
340,17.0,21.3573,47.7749,21.2576
341,17.05,20.0326,44.8117,21.0024
342,17.1,20.9858,46.9438,20.6002
343,17.15,20.9253,46.8085,20.4992
344,17.2,19.6999,44.0674,20.8425
345,17.25,20.8522,46.645,20.8729
346,17.3,21.7492,48.6515,21.0957
347,17.35,21.1381,47.2845,20.7453
348,17.4,22.039,49.2999,20.1399
349,17.45,17.9481,40.1488,19.9996
350,17.5,17.8253,39.874,19.9869
351,17.55,21.0476,47.0822,19.4516
352,17.6,21.0743,47.1419,19.777
353,17.65,19.3626,43.313,20.4876
354,17.7,19.5753,43.7886,20.6855
355,17.75,21.3784,47.8221,20.8297
356,17.8,22.037,49.2954,20.9801
357,17.85,21.7952,48.7545,21.4233
358,17.9,20.1146,44.9951,21.1773
359,17.95,21.7915,48.7461,20.3391
360,18.0,20.1484,45.0706,19.8883
361,18.05,17.846,39.9203,20.048
362,18.1,19.5411,43.7122,19.7596
363,18.15,20.913,46.7811,19.1802
364,18.2,20.3496,45.5208,19.2192
365,18.25,17.2511,38.5896,19.3403
366,18.3,18.0414,40.3575,19.3249
367,18.35,20.1465,45.0664,19.0524
368,18.4,20.8357,46.6081,19.8912
369,18.45,18.9875,42.4738,20.1867
370,18.5,21.4447,47.9704,19.6888
371,18.55,19.5189,43.6625,19.8475
372,18.6,17.6573,39.4984,19.6316
373,18.65,21.6292,48.3832,19.337
374,18.7,17.9081,40.0592,19.4751
375,18.75,19.9714,44.6748,19.8783
376,18.8,20.2097,45.2078,19.5306
377,18.85,19.6732,44.0078,20.0771
378,18.9,19.8906,44.4941,20.0385
379,18.95,20.6404,46.1714,19.7857
380,19.0,19.7784,44.2431,19.7016
381,19.05,18.946,42.381,19.1215
382,19.1,19.2527,43.067,18.5583
383,19.15,16.9899,38.0052,18.5825
384,19.2,17.8245,39.8722,18.3324
385,19.25,19.8993,44.5134,18.7021
386,19.3,17.6958,39.5844,19.5978
387,19.35,21.1012,47.202,20.2976
388,19.4,21.4683,48.0233,20.6572
389,19.45,21.3232,47.6987,21.484
390,19.5,21.6977,48.5364,21.3122
391,19.55,21.8298,48.8318,21.1322
392,19.6,20.2419,45.2799,21.0643
393,19.65,20.5685,46.0104,21.0938
394,19.7,20.9838,46.9393,20.8133
395,19.75,21.8452,48.8663,21.1707
396,19.8,20.4271,45.6942,20.6168
397,19.85,22.0291,49.2778,19.8867
398,19.9,17.7986,39.8143,19.5469
399,19.95,17.3335,38.7738,19.4799
400,20.0,20.1461,45.0655,18.6822
401,20.05,20.092,44.9446,19.2444
402,20.1,18.041,40.3565,19.4199
403,20.15,20.6093,46.1017,19.3947
404,20.2,18.211,40.7369,18.9839
405,20.25,20.0203,44.7841,18.9103
406,20.3,18.0377,40.3491,18.3136
407,20.35,17.6733,39.5341,18.4547
408,20.4,17.6259,39.4279,18.5817
409,20.45,18.9161,42.3141,19.0524
410,20.5,20.6556,46.2052,18.7287
411,20.55,20.3913,45.614,19.4669
412,20.6,16.0548,35.9136,19.1011
413,20.65,21.3165,47.6836,18.9261
414,20.7,17.0875,38.2237,18.8196
415,20.75,19.7805,44.2477,19.0697
416,20.8,19.8587,44.4227,18.7984
417,20.85,17.3055,38.7112,18.8622
418,20.9,19.96,44.6493,18.5932
419,20.95,17.4062,38.9366,18.2934
420,21.0,18.4356,41.2393,17.8247
421,21.05,18.3595,41.0691,17.215
422,21.1,14.9624,33.4699,17.7315
423,21.15,16.9113,37.8296,17.4928
424,21.2,19.9885,44.713,17.9141
425,21.25,17.2421,38.5695,18.5658
426,21.3,20.466,45.7811,19.0443
427,21.35,18.2211,40.7594,18.906
428,21.4,19.3039,43.1816,19.2179
429,21.45,19.2967,43.1656,19.0181
430,21.5,18.8016,42.058,19.2379
431,21.55,19.4674,43.5474,18.9515
432,21.6,19.3197,43.2169,19.0244
433,21.65,17.872,39.9786,18.6431
434,21.7,19.6613,43.9811,18.246
435,21.75,16.895,37.793,17.9661
436,21.8,17.4821,39.1063,18.0493
437,21.85,17.9203,40.0866,17.4934
438,21.9,18.2876,40.9082,18.1144
439,21.95,16.8819,37.7637,17.9833
440,22.0,20.0003,44.7393,18.511
441,22.05,16.8263,37.6394,18.1669
442,22.1,20.5589,45.9889,18.5858
443,22.15,16.5669,37.0591,18.3166
444,22.2,18.9764,42.4491,18.7258
445,22.25,18.6543,41.7285,18.1204
446,22.3,18.8724,42.2165,18.1238
447,22.35,17.5319,39.2178,18.5224
448,22.4,16.5842,37.0977,18.4183
449,22.45,20.9692,46.9067,18.1501
450,22.5,18.1338,40.5641,18.6935
451,22.55,17.5314,39.2166,19.1686
452,22.6,20.2487,45.2951,18.2936
453,22.65,18.96,42.4124,18.6101
454,22.7,16.5941,37.1199,18.6263
455,22.75,19.7161,44.1037,18.4212
456,22.8,17.6127,39.3985,17.8904
457,22.85,19.2229,43.0004,18.206
458,22.9,16.3063,36.4761,17.6314
459,22.95,18.1718,40.6492,17.0643
460,23.0,16.8435,37.6779,16.6323
461,23.05,14.7772,33.0557,16.6309
462,23.1,17.0627,38.1682,17.2369
463,23.15,16.2995,36.461,16.8635
464,23.2,21.2014,47.4261,17.0789
465,23.25,14.9769,33.5024,17.2547
466,23.3,15.854,35.4643,17.0754
467,23.35,17.9417,40.1344,16.0779
468,23.4,15.4031,34.4558,16.763
469,23.45,16.2139,36.2694,16.7301
470,23.5,18.4025,41.1652,16.5166
471,23.55,15.6891,35.0956,16.6992
472,23.6,16.8746,37.7475,17.1643
473,23.65,16.316,36.4978,16.715
474,23.7,18.5391,41.4707,17.6375
475,23.75,16.1561,36.1402,17.2752
476,23.8,20.3016,45.4134,17.8594
477,23.85,15.0633,33.6957,17.4211
478,23.9,19.2367,43.0312,17.3805
479,23.95,16.3476,36.5685,17.4432
480,24.0,15.9532,35.6863,17.8748
481,24.05,20.6151,46.1146,17.4435
482,24.1,17.2215,38.5235,18.0843
483,24.15,17.08,38.2069,18.7705
484,24.2,19.5515,43.7355,18.0016
485,24.25,19.3842,43.3612,17.9696
486,24.3,16.7708,37.5153,18.3259
487,24.35,17.0615,38.1656,18.0036
488,24.4,18.8614,42.1917,17.4909
489,24.45,17.9402,40.1311,17.4345
490,24.5,16.8207,37.6268,17.4929
491,24.55,16.4889,36.8847,17.1752
492,24.6,17.3534,38.8184,16.8432
493,24.65,17.2729,38.6384,17.0573
494,24.7,16.2799,36.4171,17.0407
495,24.75,17.8915,40.0222,17.2937
496,24.8,16.4057,36.6984,17.7413
497,24.85,18.6186,41.6487,18.3366
498,24.9,19.5107,43.6441,18.5834
499,24.95,19.2566,43.0757,18.9332
500,25.0,19.1252,42.7818,19.1658
501,25.05,18.1549,40.6113,19.2314
502,25.1,19.7817,44.2504,19.2968
503,25.15,19.8385,44.3774,19.6641
504,25.2,19.5839,43.8078,20.1681
505,25.25,20.9615,46.8895,19.5782
506,25.3,20.6748,46.2481,19.0537
507,25.35,16.8324,37.6531,18.6664
508,25.4,17.216,38.511,18.3785
509,25.45,17.6472,39.4758,17.7232
510,25.5,19.5223,43.6702,17.7954
511,25.55,17.3982,38.9187,18.2146
512,25.6,17.1932,38.4601,18.6367
513,25.65,19.3119,43.1996,18.2957
514,25.7,19.758,44.1974,18.3641
515,25.75,17.8173,39.8562,19.1581
516,25.8,17.7402,39.6836,19.6981
517,25.85,21.1633,47.341,19.3495
518,25.9,22.0115,49.2384,19.9155
519,25.95,18.0152,40.2989,20.3697
520,26.0,20.6475,46.1871,19.7679
521,26.05,20.0109,44.763,18.8447
522,26.1,18.1546,40.6108,18.8448
523,26.15,17.3954,38.9124,18.8245
524,26.2,18.0157,40.2999,18.8021
525,26.25,20.5461,45.9603,19.1682
526,26.3,19.8985,44.5116,19.3565
527,26.35,19.9854,44.706,20.1309
528,26.4,18.337,41.0187,19.7873
529,26.45,21.8875,48.9609,19.664
530,26.5,18.8283,42.1177,19.8628
531,26.55,19.2816,43.1318,20.3
532,26.6,20.9795,46.9299,20.2797
533,26.65,20.5232,45.909,20.7487
534,26.7,21.7857,48.7332,21.1526
535,26.75,21.1733,47.3633,20.4926
536,26.8,21.3012,47.6495,20.394
537,26.85,17.6797,39.5484,19.5541
538,26.9,20.0299,44.8056,19.18
539,26.95,17.5863,39.3394,18.4868
540,27.0,19.3031,43.1797,19.2612
541,27.05,17.8351,39.8961,18.7998
542,27.1,21.5517,48.2097,19.4665
543,27.15,17.7229,39.6449,20.0349
544,27.2,20.9198,46.7964,20.4027
545,27.25,22.1452,49.5375,20.4709
546,27.3,19.6739,44.0092,20.8971
547,27.35,21.8925,48.9721,20.3588
548,27.4,19.8539,44.4118,19.6584
549,27.45,18.2287,40.7763,19.3671
550,27.5,18.6431,41.7034,18.4985
551,27.55,18.2175,40.7515,18.2248
552,27.6,17.5494,39.2569,17.871
553,27.65,18.4854,41.3506,17.1561
554,27.7,16.4597,36.8193,17.0667
555,27.75,15.0685,33.7073,17.8333
556,27.8,17.7707,39.7519,17.9
557,27.85,21.3822,47.8305,18.9858
558,27.9,18.8189,42.0967,20.1323
559,27.95,21.8887,48.9637,20.603
560,28.0,20.8011,46.5308,20.5747
561,28.05,20.1241,45.0164,20.6323
562,28.1,21.2407,47.5141,20.684
563,28.15,19.1068,42.7407,20.2057
564,28.2,22.1471,49.5416,19.8114
565,28.25,18.41,41.182,19.9897
566,28.3,18.1522,40.6053,20.2208
567,28.35,22.1325,49.509,19.3679
568,28.4,20.2622,45.3253,19.9449
569,28.45,17.8824,40.0018,20.096
570,28.5,21.2952,47.6361,19.4551
571,28.55,18.9075,42.2949,19.3205
572,28.6,18.928,42.3408,19.8937
573,28.65,19.5893,43.8201,19.6535
574,28.7,20.7483,46.4125,20.1415
575,28.75,20.0946,44.9503,20.1807
576,28.8,21.3475,47.753,20.6189
577,28.85,19.1239,42.779,20.6686
578,28.9,21.78,48.7205,21.0075
579,28.95,20.9969,46.9687,20.7648
580,29.0,21.7893,48.7413,21.224
581,29.05,20.1341,45.0388,20.6237
582,29.1,21.4199,47.915,20.8761
583,29.15,18.7785,42.0062,20.7714
584,29.2,22.2586,49.7911,20.6783
585,29.25,21.266,47.5706,19.9388
586,29.3,19.6687,43.9975,20.645
587,29.35,17.7224,39.6439,19.8725
588,29.4,22.3094,49.9048,19.0677
589,29.45,18.3959,41.1504,19.3191
590,29.5,17.2423,38.57,19.3005
591,29.55,20.9255,46.8091,19.0662
592,29.6,17.6293,39.4356,19.6152
593,29.65,21.1381,47.2846,20.2079
594,29.7,21.1409,47.2909,19.4972
595,29.75,20.2059,45.1993,20.3937
596,29.8,17.372,38.8601,20.3937
597,29.85,22.1117,49.4626,20.4662
598,29.9,21.138,47.2843,20.9642
599,29.95,21.5035,48.102,21.4222
600,30.0,22.696,50.7696,21.0756
601,30.05,19.6616,43.9817,21.1053
602,30.1,20.3791,45.5867,20.3371
603,30.15,21.2865,47.6166,19.4715
604,30.2,17.6621,39.5089,19.5038
605,30.25,18.3681,41.0883,19.4308
606,30.3,19.8231,44.3429,18.732
607,30.35,20.0143,44.7708,19.8073
608,30.4,17.7926,39.8008,20.5407
609,30.45,23.0382,51.535,20.258
610,30.5,22.0352,49.2914,19.8678
611,30.55,18.4099,41.1817,20.7116
612,30.6,18.063,40.4058,20.0683
613,30.65,22.0117,49.2388,19.1051
614,30.7,19.8215,44.3395,19.5277
615,30.75,17.2196,38.5192,20.4708
616,30.8,20.5226,45.9078,19.9427
617,30.85,22.7788,50.9547,20.0893
618,30.9,19.3709,43.3314,20.9053
619,30.95,20.5544,45.9788,21.2823
620,31.0,21.2999,47.6465,20.8936
621,31.05,22.4075,50.1242,21.3627
622,31.1,20.8351,46.6067,21.605
623,31.15,21.7164,48.5781,21.4729
624,31.2,21.766,48.6891,20.8153
625,31.25,20.6396,46.1694,20.9479
626,31.3,19.1196,42.7694,20.7459
627,31.35,21.4978,48.0891,19.9383
628,31.4,20.7065,46.3191,20.2247
629,31.45,17.728,39.6564,20.3462
630,31.5,22.0718,49.3733,20.4644
631,31.55,19.7268,44.1277,20.2346
632,31.6,22.089,49.4117,20.7724
633,31.65,19.5573,43.7485,20.8704
634,31.7,20.4172,45.672,21.2278
635,31.75,22.5617,50.4691,20.68
636,31.8,21.514,48.1254,21.1198
637,31.85,19.3497,43.2841,21.185
638,31.9,21.7566,48.6681,20.246
639,31.95,20.7431,46.4011,20.0296
640,32.0,17.8666,39.9666,20.4636
641,32.05,20.4321,45.7054,20.2888
642,32.1,21.5198,48.1383,20.1529
643,32.15,20.8825,46.7129,20.8296
644,32.2,20.0633,44.8804,21.1335
645,32.25,21.2505,47.536,21.1104
646,32.3,21.9512,49.1034,20.6372
647,32.35,21.4047,47.8809,21.0154
648,32.4,18.5163,41.4198,20.3417
649,32.45,21.9545,49.1108,20.2886
650,32.5,17.882,40.001,20.3858
651,32.55,21.6857,48.5095,20.9083
652,32.6,21.8906,48.9678,20.2797
653,32.65,21.1287,47.2635,20.9324
654,32.7,18.8115,42.0801,20.4141
655,32.75,21.1454,47.3008,20.1996
656,32.8,19.0944,42.713,20.1161
657,32.85,20.8181,46.5688,20.5649
658,32.9,20.7111,46.3294,20.6205
659,32.95,21.0555,47.0998,20.6129
660,33.0,21.4232,47.9223,20.8781
661,33.05,19.0565,42.6282,21.1261
662,33.1,22.144,49.5347,21.0721
663,33.15,21.9511,49.1031,21.0653
664,33.2,20.7859,46.4968,21.3853
665,33.25,21.3888,47.8453,20.8174
666,33.3,20.6567,46.2078,20.2547
667,33.35,19.3043,43.1825,19.7943
668,33.4,19.1379,42.8102,18.9152
669,33.45,18.4837,41.3469,18.3013
670,33.5,16.9936,38.0136,18.5433
671,33.55,17.5872,39.3413,18.8559
672,33.6,20.514,45.8885,18.7871
673,33.65,20.7008,46.3063,19.6634
674,33.7,18.1399,40.5777,20.2527
675,33.75,21.3752,47.815,20.3485
676,33.8,20.5338,45.9328,20.3064
677,33.85,20.9927,46.9593,20.9893
678,33.9,20.4902,45.8354,21.0867
679,33.95,21.5545,48.2161,21.1189
680,34.0,21.8622,48.9043,21.3392
681,34.05,20.6951,46.2937,21.6394
682,34.1,22.0941,49.423,21.6762
683,34.15,21.9913,49.1932,21.7594
684,34.2,21.7381,48.6266,21.7671
685,34.25,22.2783,49.8351,21.3229
686,34.3,20.7337,46.3801,21.213
687,34.35,19.8729,44.4545,21.2342
688,34.4,21.4421,47.9645,21.1453
689,34.45,21.8441,48.8639,21.3111
690,34.5,21.8338,48.8407,21.026
691,34.55,21.5627,48.2343,21.1152
692,34.6,18.4471,41.265,21.1665
693,34.65,21.8881,48.9623,21.0747
694,34.7,22.1006,49.4377,21.0741
695,34.75,21.3752,47.8151,21.5594
696,34.8,21.5595,48.2272,21.5914
697,34.85,20.8737,46.6932,21.1727
698,34.9,22.0482,49.3204,21.3155
699,34.95,20.007,44.7543,20.6567
700,35.0,22.0891,49.4119,20.3922
701,35.05,18.2655,40.8587,20.1941
702,35.1,19.5511,43.7345,20.4703
703,35.15,21.0579,47.1052,20.252
704,35.2,21.3878,47.8432,20.9407
705,35.25,20.9977,46.9705,21.3436
706,35.3,21.7091,48.5619,21.595
707,35.35,21.5655,48.2406,21.5754
708,35.4,22.3147,49.9165,21.2582
709,35.45,21.29,47.6243,21.3644
710,35.5,19.4116,43.4224,21.4723
711,35.55,22.2401,49.7497,21.3465
712,35.6,22.105,49.4474,21.5422
713,35.65,21.6859,48.5099,21.3251
714,35.7,22.2686,49.8134,21.227
715,35.75,18.3261,40.9943,21.3372
716,35.8,21.7496,48.6525,21.3565
717,35.85,22.6556,50.6792,21.3943
718,35.9,21.7824,48.7259,22.0877
719,35.95,22.4577,50.2365,22.1846
720,36.0,21.7932,48.7501,22.2196
721,36.05,22.234,49.736,22.3178
722,36.1,22.8305,51.0704,22.2896
723,36.15,22.2736,49.8246,22.0992
724,36.2,22.3168,49.9213,22.1082
725,36.25,20.8412,46.6205,21.9741
726,36.3,22.2789,49.8365,21.8942
727,36.35,22.1602,49.571,21.8183
728,36.4,21.8741,48.9309,21.938
729,36.45,21.9372,49.072,21.9832
730,36.5,21.4395,47.9589,21.9551
731,36.55,22.5052,50.3427,22.0413
732,36.6,22.0197,49.2566,22.1277
733,36.65,22.3049,49.8947,22.1866
734,36.7,22.3692,50.0386,22.2093
735,36.75,21.734,48.6176,22.2588
736,36.8,22.6187,50.5965,22.1938
737,36.85,22.2674,49.8108,22.1393
738,36.9,21.9798,49.1674,22.2754
739,36.95,22.0968,49.4291,22.2631
740,37.0,22.4145,50.1399,21.9307
741,37.05,22.5569,50.4584,21.7351
742,37.1,20.6054,46.093,21.6478
743,37.15,21.0021,46.9804,21.4335
744,37.2,21.66,48.452,21.3644
745,37.25,21.343,47.743,21.7279
746,37.3,22.2117,49.6862,21.9246
747,37.35,22.4227,50.1581,22.0113
748,37.4,21.9858,49.1808,22.2505
749,37.45,22.0931,49.4208,22.2479
750,37.5,22.5391,50.4184,22.2546
751,37.55,22.1989,49.6574,22.3358
752,37.6,22.4561,50.2328,22.2233
753,37.65,22.392,50.0894,22.2562
754,37.7,21.5302,48.1617,22.2046
755,37.75,22.7039,50.7872,21.9333
756,37.8,21.9409,49.0805,21.8188
757,37.85,21.0994,47.198,21.9749
758,37.9,21.8195,48.8087,21.7168
759,37.95,22.3107,49.9077,21.7516
760,38.0,21.4137,47.901,22.0066
761,38.05,22.1149,49.4695,22.1658
762,38.1,22.3744,50.0502,22.216
763,38.15,22.6152,50.5888,22.3646
764,38.2,22.5617,50.4691,22.121
765,38.25,22.1568,49.5634,22.1048
766,38.3,20.8971,46.7456,22.0093
767,38.35,22.293,49.868,21.9247
768,38.4,22.138,49.5214,21.8738
769,38.45,22.1384,49.5222,22.0689
770,38.5,21.9027,48.995,22.1039
771,38.55,21.8724,48.9273,22.1476
772,38.6,22.4679,50.2592,22.2203
773,38.65,22.3564,50.0099,22.3506
774,38.7,22.5022,50.3359,22.445
775,38.75,22.554,50.4519,22.4543
776,38.8,22.3447,49.9836,22.4791
777,38.85,22.5141,50.3625,22.4667
778,38.9,22.4805,50.2874,22.3292
779,38.95,22.4401,50.197,22.2608
780,39.0,21.8665,48.9139,22.2062
781,39.05,22.0026,49.2185,22.0991
782,39.1,22.2411,49.7519,22.0499
783,39.15,21.9454,49.0905,22.1419
784,39.2,22.1938,49.6461,22.277
785,39.25,22.3266,49.9433,22.3387
786,39.3,22.6782,50.7297,22.5381
787,39.35,22.5497,50.4423,22.5259
788,39.4,22.942,51.3199,22.6126
789,39.45,22.1331,49.5102,22.557
790,39.5,22.76,50.9127,22.5532
791,39.55,22.4003,50.108,22.481
792,39.6,22.5308,50.4001,22.5331
793,39.65,22.5807,50.5116,22.464
794,39.7,22.3936,50.0931,22.6017
795,39.75,22.4147,50.1402,22.6484
796,39.8,23.0885,51.6475,22.6268
797,39.85,22.7645,50.9227,22.6532
798,39.9,22.4727,50.27,22.6961
799,39.95,22.5256,50.3884,22.6004
800,40.0,22.6292,50.6201,22.5088
801,40.05,22.61,50.5771,22.4657
802,40.1,22.3066,49.8984,22.4018
803,40.15,22.257,49.7874,22.3735
804,40.2,22.2064,49.6743,22.3191
805,40.25,22.4876,50.3034,22.3741
806,40.3,22.338,49.9687,22.4548
807,40.35,22.5813,50.5128,22.5978
808,40.4,22.6607,50.6905,22.6759
809,40.45,22.9212,51.2733,22.7202
810,40.5,22.8785,51.1776,22.7579
811,40.55,22.5593,50.4637,22.7972
812,40.6,22.7698,50.9346,22.7655
813,40.65,22.8573,51.1304,22.76
814,40.7,22.7628,50.919,22.7364
815,40.75,22.851,51.1163,22.671
816,40.8,22.4412,50.1994,22.6295
817,40.85,22.4427,50.203,22.6059
818,40.9,22.6496,50.6658,22.5641
819,40.95,22.6449,50.6553,22.5838
820,41.0,22.6423,50.6494,22.6633
821,41.05,22.5394,50.4191,22.8152
822,41.1,22.8401,51.0919,22.7657
823,41.15,23.4094,52.3653,22.7757
824,41.2,22.3975,50.1017,22.8137
825,41.25,22.6921,50.7607,22.7832
826,41.3,22.7295,50.8444,22.5833
827,41.35,22.6877,50.7509,22.5858
828,41.4,22.4099,50.1296,22.5518
829,41.45,22.4099,50.1294,22.496
830,41.5,22.5219,50.3801,22.5117
831,41.55,22.4506,50.2206,22.4444
832,41.6,22.7664,50.9269,22.4305
833,41.65,22.0732,49.3762,22.2238
834,41.7,22.3405,49.9744,22.1759
835,41.75,21.4883,48.0679,22.1304
836,41.8,22.2113,49.6853,22.1748
837,41.85,22.5385,50.4171,22.1847
838,41.9,22.2954,49.8734,22.4543
839,41.95,22.3901,50.0852,22.4686
840,42.0,22.836,51.0828,22.4712
841,42.05,22.2832,49.8461,22.5138
842,42.1,22.5515,50.4462,22.577
843,42.15,22.5082,50.3494,22.5096
844,42.2,22.7059,50.7917,22.4614
845,42.25,22.4994,50.3298,22.5459
846,42.3,22.0418,49.3061,22.4873
847,42.35,22.974,51.3914,22.4018
848,42.4,22.2156,49.6949,22.5356
849,42.45,22.2783,49.835,22.5472
850,42.5,23.1685,51.8265,22.4534
851,42.55,22.0997,49.4357,22.521
852,42.6,22.5047,50.3415,22.7092
853,42.65,22.554,50.4519,22.7108
854,42.7,23.2193,51.9402,22.8655
855,42.75,23.1761,51.8434,22.9339
856,42.8,22.8732,51.166,22.9988
857,42.85,22.8471,51.1076,22.9641
858,42.9,22.8782,51.1771,22.9457
859,42.95,23.0459,51.5522,23.0124
860,43.0,23.0843,51.6381,23.0639
861,43.05,23.2065,51.9115,23.1435
862,43.1,23.1048,51.6841,23.0086
863,43.15,23.2761,52.067,22.9796
864,43.2,22.3714,50.0434,22.8623
865,43.25,22.939,51.3132,22.9237
866,43.3,22.62,50.5995,22.8682
867,43.35,23.4122,52.3716,22.9196
868,43.4,22.9983,51.4456,22.852
869,43.45,22.6286,50.6186,22.8339
870,43.5,22.6008,50.5565,22.6669
871,43.55,22.5296,50.3973,22.6513
872,43.6,22.577,50.5033,22.6678
873,43.65,22.9206,51.2719,22.6377
874,43.7,22.7112,50.8036,22.7764
875,43.75,22.4502,50.2198,22.9022
876,43.8,23.2232,51.9489,23.0645
877,43.85,23.2057,51.9096,22.8214
878,43.9,23.7323,53.0876,23.0454
879,43.95,21.4955,48.084,23.1792
880,44.0,23.5702,52.725,23.3069
881,44.05,23.8921,53.4451,23.3611
882,44.1,23.8446,53.3389,23.7444
883,44.15,24.0032,53.6936,23.5479
884,44.2,23.4117,52.3704,23.5314
885,44.25,22.5878,50.5275,23.343
886,44.3,23.8095,53.2603,23.3313
887,44.35,22.9026,51.2317,23.4989
888,44.4,23.9447,53.5627,23.8255
889,44.45,24.2497,54.245,23.9726
890,44.5,24.2211,54.1811,23.7585
891,44.55,24.5449,54.9055,23.5875
892,44.6,21.832,48.8367,23.0707
893,44.65,23.0897,51.6503,22.8124
894,44.7,21.6658,48.4649,22.54
895,44.75,22.9298,51.2925,22.9967
896,44.8,23.1827,51.8582,22.9362
897,44.85,24.1157,53.9453,23.0026
898,44.9,22.7869,50.9729,22.8673
899,44.95,21.9979,49.2079,22.6739
900,45.0,22.2535,49.7797,22.383
901,45.05,22.2155,49.6946,22.4406
902,45.1,22.6613,50.692,22.6065
903,45.15,23.075,51.6173,22.5437
904,45.2,22.8273,51.0631,22.3452
905,45.25,21.9393,49.0767,22.0399
906,45.3,21.2232,47.4749,21.88
907,45.35,21.1347,47.277,21.6414
908,45.4,22.2757,49.8294,21.7085
909,45.45,21.6343,48.3946,21.9324
910,45.5,22.2745,49.8265,22.0866
911,45.55,22.3428,49.9795,22.0637
912,45.6,21.9058,49.0018,21.5795
913,45.65,22.1612,49.5732,21.5738
914,45.7,19.2131,42.9785,21.5071
915,45.75,22.2459,49.7626,21.5249
916,45.8,22.0097,49.2344,21.4162
917,45.85,21.9947,49.2008,21.5455
918,45.9,21.6178,48.3576,21.0225
919,45.95,19.8595,44.4244,20.6915
920,46.0,19.6309,43.913,20.7308
921,46.05,20.3547,45.5321,20.6963
922,46.1,22.191,49.6398,21.0805
923,46.15,21.4455,47.9723,21.1664
924,46.2,21.7802,48.7208,21.3601
925,46.25,20.0605,44.8741,21.2816
926,46.3,21.3233,47.6988,21.0844
927,46.35,21.7984,48.7617,21.0278
928,46.4,20.4594,45.7664,20.6096
929,46.45,21.4975,48.0886,20.7997
930,46.5,17.9695,40.1967,20.6713
931,46.55,22.2738,49.825,20.7053
932,46.6,21.1563,47.3253,20.7973
933,46.65,20.6295,46.1468,21.6056
934,46.7,21.9572,49.1169,21.5048
935,46.75,22.0114,49.2382,21.7061
936,46.8,21.7698,48.6976,22.0496
937,46.85,22.1625,49.5762,22.0619
938,46.9,22.3472,49.9893,22.1074
939,46.95,22.0187,49.2544,22.2378
940,47.0,22.2387,49.7467,22.2182
941,47.05,22.4219,50.1563,22.1525
942,47.1,22.0643,49.3563,22.0522
943,47.15,22.0187,49.2544,22.0418
944,47.2,21.5175,48.1333,21.8926
945,47.25,22.1864,49.6296,22.0183
946,47.3,21.6761,48.488,21.4344
947,47.35,22.6927,50.7621,21.4613
948,47.4,19.0991,42.7236,20.9507
949,47.45,21.6524,48.4351,20.3555
950,47.5,19.6332,43.9183,20.3338
951,47.55,18.7002,41.8312,20.2358
952,47.6,22.5839,50.5187,20.3224
953,47.65,18.6091,41.6275,20.6615
954,47.7,22.0856,49.4042,21.4072
955,47.75,21.3289,47.7113,21.3478
956,47.8,22.4286,50.1712,22.0482
957,47.85,22.2866,49.8538,22.0784
958,47.9,22.1112,49.4613,22.2392
959,47.95,22.2368,49.7423,22.2525
960,48.0,22.1328,49.5097,22.1006
961,48.05,22.4951,50.3201,21.8561
962,48.1,21.5269,48.1543,21.7019
963,48.15,20.8889,46.7272,21.2137
964,48.2,21.466,48.0181,21.109
965,48.25,19.6917,44.049,21.1587
966,48.3,21.9713,49.1484,21.2465
967,48.35,21.7756,48.7107,21.2274
968,48.4,21.3279,47.7091,21.9155
969,48.45,21.3704,47.8043,21.6487
970,48.5,23.1322,51.7453,21.8342
971,48.55,20.6373,46.1643,21.5928
972,48.6,22.7032,50.7857,21.943
973,48.65,20.1207,45.0088,20.92
974,48.7,23.1216,51.7216,21.2879
975,48.75,18.017,40.3028,20.8381
976,48.8,22.4768,50.2792,20.7475
977,48.85,20.4543,45.7549,19.5633
978,48.9,19.6676,43.9952,19.949
979,48.95,17.2008,38.477,18.7932
980,49.0,19.9457,44.6173,18.2397
981,49.05,16.6975,37.3512,18.4763
982,49.1,17.687,39.5646,18.9525
983,49.15,20.8503,46.6408,19.4182
984,49.2,19.5822,43.8042,20.3289
985,49.25,22.274,49.8255,21.2486
986,49.3,21.2508,47.5367,21.223
987,49.35,22.2855,49.8512,21.6865
988,49.4,20.7226,46.3551,21.4962
989,49.45,21.8994,48.9876,21.6252
990,49.5,21.3225,47.6971,21.5025
991,49.55,21.8962,48.9805,21.7315
992,49.6,21.6718,48.4785,21.7149
993,49.65,21.8678,48.917,21.2889
994,49.7,21.8164,48.802,20.7815
995,49.75,19.1922,42.9316,20.6824
996,49.8,19.3591,43.3051,20.6166
997,49.85,21.1764,47.3703,20.7545
998,49.9,21.5391,48.1816,20.4319
999,49.95,22.5058,50.344,20.9747
1000,50.0,17.579,39.3231,20.6516
1001,50.05,22.073,49.3759,20.7561
1002,50.1,19.5613,43.7574,20.6455
1003,50.15,22.0615,49.3502,21.4115
1004,50.2,21.9528,49.107,21.2143
1005,50.25,21.4087,47.8899,21.3008
1006,50.3,21.0874,47.1711,21.3836
1007,50.35,19.9935,44.7242,20.8547
1008,50.4,22.4755,50.2762,20.6254
1009,50.45,19.3085,43.1919,20.6431
1010,50.5,20.2622,45.3253,20.8881
1011,50.55,21.1759,47.3691,20.7634
1012,50.6,21.2186,47.4647,21.3159
1013,50.65,21.852,48.8815,21.7135
1014,50.7,22.0706,49.3705,21.7386
1015,50.75,22.2504,49.7726,21.9198
1016,50.8,21.3014,47.65,21.6164
1017,50.85,22.1245,49.4911,21.5513
1018,50.9,20.3353,45.4887,21.6106
1019,50.95,21.7448,48.6417,21.6139
1020,51.0,22.5471,50.4363,21.4762
1021,51.05,21.3177,47.6864,21.8795
1022,51.1,21.436,47.9509,21.6489
1023,51.15,22.3521,50.0003,21.2163
1024,51.2,20.5917,46.0624,20.926
1025,51.25,20.3841,45.5979,20.8523
1026,51.3,19.8659,44.4388,20.5292
1027,51.35,21.0676,47.1268,20.4345
1028,51.4,20.7368,46.3869,20.6438
1029,51.45,20.1179,45.0025,21.0447
1030,51.5,21.4309,47.9395,21.0896
1031,51.55,21.8702,48.9223,21.0999
1032,51.6,21.292,47.6288,21.5255
1033,51.65,20.7885,46.5025,21.4189
1034,51.7,22.246,49.7629,21.6338
1035,51.75,20.8979,46.7472,21.6793
1036,51.8,22.9446,51.3256,21.6546
1037,51.85,21.5195,48.1378,21.2451
1038,51.9,20.665,46.2264,20.6202
1039,51.95,20.1986,45.183,19.7551
1040,52.0,17.7733,39.7576,19.6916
1041,52.05,18.619,41.6495,19.5999
1042,52.1,21.2022,47.4281,19.7308
1043,52.15,20.2064,45.2005,19.9226
1044,52.2,20.8532,46.6472,20.5554
1045,52.25,18.7323,41.903,20.2584
1046,52.3,21.7829,48.7269,20.0841
1047,52.35,19.7174,44.1066,20.2749
1048,52.4,19.3345,43.25,20.9605
1049,52.45,21.8072,48.7814,20.7889
1050,52.5,22.1607,49.572,20.9856
1051,52.55,20.9248,46.8075,21.0967
1052,52.6,20.7006,46.3059,20.6405
1053,52.65,19.8904,44.4935,19.8313
1054,52.7,19.5262,43.6789,19.0541
1055,52.75,18.1144,40.5207,18.7758
1056,52.8,17.0391,38.1154,18.566
1057,52.85,19.3089,43.1929,18.645
1058,52.9,18.8413,42.1467,18.5516
1059,52.95,19.9211,44.5623,19.4303
1060,53.0,17.6474,39.4761,19.6773
1061,53.05,21.433,47.9442,20.2587
1062,53.1,20.5439,45.9555,20.3267
1063,53.15,21.7481,48.6491,20.7462
1064,53.2,20.2613,45.3233,20.8276
1065,53.25,19.7445,44.1671,20.8724
1066,53.3,21.8404,48.8555,20.2142
1067,53.35,20.7679,46.4565,20.2105
1068,53.4,18.457,41.2872,20.3976
1069,53.45,20.2429,45.2821,20.1182
1070,53.5,20.6798,46.2594,20.4565
1071,53.55,20.4435,45.7308,21.0558
1072,53.6,22.4592,50.2397,20.3969
1073,53.65,21.4536,47.9903,20.6084
1074,53.7,16.9486,37.9129,20.7875
1075,53.75,21.7371,48.6244,20.2148
1076,53.8,21.3391,47.7341,19.9505
1077,53.85,19.5958,43.8346,20.1424
1078,53.9,20.1319,45.0337,19.3253
1079,53.95,17.908,40.059,19.0116
1080,54.0,17.6516,39.4855,19.0013
1081,54.05,19.7708,44.2261,19.2182
1082,54.1,19.5441,43.719,19.3567
1083,54.15,21.2165,47.46,19.6445
1084,54.2,18.6003,41.6076,19.8182
1085,54.25,19.0908,42.7048,19.7348
1086,54.3,20.6394,46.1691,19.2432
1087,54.35,19.1269,42.7857,19.7285
1088,54.4,18.7585,41.9617,20.1289
1089,54.45,21.027,47.036,20.2217
1090,54.5,21.0927,47.1829,20.6218
1091,54.55,21.1035,47.2071,21.0769
1092,54.6,21.1275,47.2609,21.1947
1093,54.65,21.034,47.0517,20.5305
1094,54.7,21.6156,48.3526,20.2363
1095,54.75,17.7719,39.7546,20.2561
1096,54.8,19.6326,43.9168,20.5344
1097,54.85,21.2262,47.4817,20.621
1098,54.9,22.4256,50.1647,21.3422
1099,54.95,22.0489,49.3221,21.4609
1100,55.0,21.3775,47.8202,21.5844
1101,55.05,20.2262,45.2447,21.3913
1102,55.1,21.8438,48.8632,21.2227
1103,55.15,21.4599,48.0045,20.9929
1104,55.2,21.2059,47.4362,21.1277
1105,55.25,20.2287,45.2503,20.9362
1106,55.3,20.9002,46.7524,20.6325
1107,55.35,20.8863,46.7213,20.7818
1108,55.4,19.9415,44.6078,20.286
1109,55.45,21.9521,49.1054,20.1863
1110,55.5,17.7498,39.7052,20.1666
1111,55.55,20.402,45.638,20.1189
1112,55.6,20.7878,46.501,19.7167
1113,55.65,19.703,44.0744,20.3291
1114,55.7,19.941,44.6067,20.3051
1115,55.75,20.8115,46.5539,20.4282
1116,55.8,20.2823,45.3702,20.1087
1117,55.85,21.4031,47.8774,20.3301
1118,55.9,18.1054,40.5007,20.0369
1119,55.95,21.0481,47.0833,20.1326
1120,56.0,19.3457,43.2751,19.2622
1121,56.05,20.7606,46.4401,19.269
1122,56.1,17.0512,38.1425,18.9211
1123,56.15,18.1394,40.5767,18.6279
1124,56.2,19.3087,43.1922,18.4553
1125,56.25,17.8798,39.996,19.2531
1126,56.3,19.8975,44.5094,19.5828
1127,56.35,21.04,47.0652,20.0364
1128,56.4,19.7879,44.2643,19.9436
1129,56.45,21.5769,48.2661,20.2593
1130,56.5,17.4155,38.9573,19.9512
1131,56.55,21.4763,48.0412,20.3025
1132,56.6,19.4996,43.6194,20.1128
1133,56.65,21.5442,48.1931,20.1897
1134,56.7,20.6283,46.1441,19.4486
1135,56.75,17.8003,39.8182,19.8804
1136,56.8,17.7707,39.752,19.7308
1137,56.85,21.6584,48.4485,19.4072
1138,56.9,20.7962,46.5198,20.0735
1139,56.95,19.0106,42.5255,20.3473
1140,57.0,21.1316,47.2701,20.3234
1141,57.05,19.1399,42.8147,20.3304
1142,57.1,21.5386,48.1804,20.6524
1143,57.15,20.8315,46.5988,20.7083
1144,57.2,20.6205,46.1268,20.5485
1145,57.25,21.4111,47.8953,19.7503
1146,57.3,18.3406,41.0267,19.4293
1147,57.35,17.5477,39.2532,19.3568
1148,57.4,19.2267,43.0088,18.8158
1149,57.45,20.2579,45.3155,19.0218
1150,57.5,18.7063,41.8447,19.31
1151,57.55,19.3704,43.3304,19.044
1152,57.6,18.9888,42.4768,18.4938
1153,57.65,17.8965,40.0334,18.4861
1154,57.7,17.5069,39.1617,18.2324
1155,57.75,18.6678,41.7586,18.7379
1156,57.8,18.1019,40.4928,19.2352
1157,57.85,21.5166,48.1312,19.8488
1158,57.9,20.3827,45.5949,20.0827
1159,57.95,20.5751,46.0253,20.521
1160,58.0,19.8374,44.375,19.9657
1161,58.05,20.2932,45.3945,19.7722
1162,58.1,18.7401,41.9205,19.1015
1163,58.15,19.4153,43.4308,18.3419
1164,58.2,17.2214,38.5232,17.8303
1165,58.25,16.0396,35.8796,17.8627
1166,58.3,17.735,39.672,17.4271
1167,58.35,18.9024,42.2835,17.3689
1168,58.4,17.237,38.558,17.4799
1169,58.45,16.9305,37.8724,17.1858
1170,58.5,16.5946,37.121,16.4922
1171,58.55,16.2643,36.3821,16.3323
1172,58.6,15.4348,34.5267,16.1658
1173,58.65,16.4375,36.7696,16.1055
1174,58.7,16.0979,36.0099,16.3954
1175,58.75,16.2932,36.4469,16.6964
1176,58.8,17.7134,39.6237,16.8639
1177,58.85,16.94,37.8938,17.056
1178,58.9,17.2751,38.6433,17.1008
1179,58.95,17.0585,38.1587,16.8214
1180,59.0,16.517,36.9474,16.6209
1181,59.05,16.3165,36.499,16.1909
1182,59.1,15.9375,35.6511,15.9214
1183,59.15,15.1251,33.8339,15.977
1184,59.2,15.7107,35.1439,16.0571
1185,59.25,16.795,37.5693,16.0869
1186,59.3,16.717,37.3948,16.3112
1187,59.35,16.0869,35.9854,16.2647
1188,59.4,16.2464,36.3421,16.1107
1189,59.45,15.478,34.6233,16.4788
1190,59.5,16.0253,35.8476,16.7238
1191,59.55,18.5574,41.5116,16.8636
1192,59.6,17.3121,38.726,17.0036
1193,59.65,16.9454,37.9058,17.0868
1194,59.7,16.1779,36.189,16.6785
1195,59.75,16.4413,36.7781,16.4576
1196,59.8,16.5158,36.9448,16.2479
1197,59.85,16.2078,36.2558,16.4133
1198,59.9,15.8965,35.5594,16.526
1199,59.95,17.005,38.039,16.6239
