frame,time_s,predicted_ms,true_ms,error_ms,abs_error_ms
0,0.0,25.019,28.106,-3.087,3.087
1,0.05,24.936,28.106,-3.169,3.169
2,0.1,24.9,28.107,-3.206,3.206
3,0.15,24.72,28.13,-3.411,3.411
4,0.2,24.417,28.109,-3.692,3.692
5,0.25,24.125,28.089,-3.963,3.963
6,0.3,23.949,28.034,-4.085,4.085
7,0.35,23.562,28.018,-4.457,4.457
8,0.4,23.301,27.987,-4.686,4.686
9,0.45,23.244,28.016,-4.772,4.772
10,0.5,23.258,27.982,-4.724,4.724
11,0.55,23.246,27.979,-4.733,4.733
12,0.6,23.349,28.032,-4.683,4.683
13,0.65,23.471,27.96,-4.489,4.489
14,0.7,23.48,27.937,-4.457,4.457
15,0.75,23.376,27.941,-4.565,4.565
16,0.8,23.284,27.909,-4.625,4.625
17,0.85,23.167,27.899,-4.732,4.732
18,0.9,23.045,27.856,-4.811,4.811
19,0.95,23.006,27.796,-4.79,4.79
20,1.0,23.018,27.851,-4.832,4.832
21,1.05,23.002,27.839,-4.838,4.838
22,1.1,22.904,27.824,-4.921,4.921
23,1.15,22.964,27.76,-4.796,4.796
24,1.2,23.054,27.83,-4.776,4.776
25,1.25,23.148,27.762,-4.614,4.614
26,1.3,22.752,27.695,-4.943,4.943
27,1.35,22.445,27.761,-5.316,5.316
28,1.4,21.63,27.692,-6.062,6.062
29,1.45,21.357,27.666,-6.309,6.309
30,1.5,20.703,27.724,-7.021,7.021
31,1.55,21.273,27.639,-6.367,6.367
32,1.6,22.084,27.613,-5.529,5.529
33,1.65,23.397,27.639,-4.242,4.242
34,1.7,23.646,27.606,-3.96,3.96
35,1.75,24.311,27.593,-3.282,3.282
36,1.8,24.193,27.574,-3.381,3.381
37,1.85,23.644,27.561,-3.917,3.917
38,1.9,23.221,27.559,-4.338,4.338
39,1.95,23.008,27.528,-4.52,4.52
40,2.0,22.902,27.523,-4.62,4.62
41,2.05,22.854,27.531,-4.677,4.677
42,2.1,23.142,27.493,-4.351,4.351
43,2.15,23.122,27.488,-4.366,4.366
44,2.2,23.279,27.441,-4.162,4.162
45,2.25,23.285,27.44,-4.154,4.154
46,2.3,23.25,27.413,-4.163,4.163
47,2.35,22.683,27.402,-4.718,4.718
48,2.4,22.457,27.396,-4.939,4.939
49,2.45,22.265,27.358,-5.092,5.092
50,2.5,22.242,27.366,-5.124,5.124
51,2.55,22.174,27.348,-5.174,5.174
52,2.6,22.654,27.302,-4.648,4.648
53,2.65,22.951,27.31,-4.359,4.359
54,2.7,23.187,27.266,-4.08,4.08
55,2.75,23.212,27.266,-4.054,4.054
56,2.8,23.31,27.238,-3.928,3.928
57,2.85,23.373,27.239,-3.866,3.866
58,2.9,23.162,27.227,-4.066,4.066
59,2.95,23.016,27.21,-4.194,4.194
60,3.0,22.978,27.225,-4.247,4.247
61,3.05,22.868,27.182,-4.314,4.314
62,3.1,22.718,27.17,-4.452,4.452
63,3.15,22.844,27.155,-4.311,4.311
64,3.2,23.008,27.104,-4.096,4.096
65,3.25,23.113,27.081,-3.968,3.968
66,3.3,23.106,27.072,-3.966,3.966
67,3.35,23.239,27.073,-3.834,3.834
68,3.4,23.215,27.039,-3.825,3.825
69,3.45,23.083,27.041,-3.958,3.958
70,3.5,22.994,27.018,-4.024,4.024
71,3.55,23.035,27.01,-3.975,3.975
72,3.6,22.966,26.996,-4.031,4.031
73,3.65,22.962,26.955,-3.993,3.993
74,3.7,22.989,26.969,-3.979,3.979
75,3.75,23.058,26.913,-3.855,3.855
76,3.8,23.085,26.903,-3.819,3.819
77,3.85,23.037,26.909,-3.872,3.872
78,3.9,22.992,26.86,-3.869,3.869
79,3.95,22.992,26.869,-3.877,3.877
80,4.0,22.851,26.87,-4.019,4.019
81,4.05,22.85,26.836,-3.986,3.986
82,4.1,22.779,26.836,-4.057,4.057
83,4.15,22.786,26.844,-4.057,4.057
84,4.2,22.818,26.776,-3.958,3.958
85,4.25,22.974,26.732,-3.759,3.759
86,4.3,23.049,26.73,-3.681,3.681
87,4.35,23.061,26.731,-3.669,3.669
88,4.4,22.992,26.709,-3.717,3.717
89,4.45,22.851,26.692,-3.841,3.841
90,4.5,22.663,26.691,-4.028,4.028
91,4.55,22.489,26.646,-4.157,4.157
92,4.6,22.464,26.644,-4.18,4.18
93,4.65,22.428,26.627,-4.199,4.199
94,4.7,22.518,26.57,-4.052,4.052
95,4.75,22.601,26.565,-3.963,3.963
96,4.8,22.785,26.577,-3.792,3.792
97,4.85,22.914,26.535,-3.621,3.621
98,4.9,23.009,26.542,-3.532,3.532
99,4.95,23.099,26.53,-3.43,3.43
100,5.0,23.039,26.502,-3.463,3.463
101,5.05,22.889,26.508,-3.62,3.62
102,5.1,22.904,26.456,-3.552,3.552
103,5.15,22.902,26.461,-3.559,3.559
104,5.2,22.752,26.447,-3.695,3.695
105,5.25,22.984,26.445,-3.46,3.46
106,5.3,23.074,26.432,-3.358,3.358
107,5.35,22.914,26.349,-3.435,3.435
108,5.4,22.92,26.368,-3.449,3.449
109,5.45,23.067,26.329,-3.261,3.261
110,5.5,22.925,26.287,-3.363,3.363
111,5.55,22.941,26.287,-3.346,3.346
112,5.6,23.033,26.273,-3.24,3.24
113,5.65,22.977,26.259,-3.282,3.282
114,5.7,22.934,26.264,-3.33,3.33
115,5.75,23.096,26.216,-3.12,3.12
116,5.8,23.203,26.229,-3.026,3.026
117,5.85,23.253,26.205,-2.953,2.953
118,5.9,23.302,26.185,-2.883,2.883
119,5.95,23.263,26.188,-2.925,2.925
120,6.0,23.169,26.164,-2.995,2.995
121,6.05,22.992,26.115,-3.123,3.123
122,6.1,23.007,26.116,-3.109,3.109
123,6.15,23.053,26.107,-3.054,3.054
124,6.2,23.006,26.094,-3.087,3.087
125,6.25,22.941,26.027,-3.086,3.086
126,6.3,23.001,26.06,-3.059,3.059
127,6.35,23.006,26.044,-3.038,3.038
128,6.4,23.016,26.027,-3.011,3.011
129,6.45,23.101,26.036,-2.936,2.936
130,6.5,22.981,25.986,-3.005,3.005
131,6.55,22.974,25.883,-2.909,2.909
132,6.6,22.969,25.849,-2.88,2.88
133,6.65,22.885,25.923,-3.038,3.038
134,6.7,22.839,25.898,-3.059,3.059
135,6.75,22.902,25.937,-3.035,3.035
136,6.8,22.877,25.889,-3.012,3.012
137,6.85,22.826,25.881,-3.055,3.055
138,6.9,22.989,25.884,-2.895,2.895
139,6.95,23.011,25.839,-2.827,2.827
140,7.0,23.055,25.837,-2.782,2.782
141,7.05,23.132,25.76,-2.628,2.628
142,7.1,23.249,25.727,-2.478,2.478
143,7.15,23.14,25.705,-2.565,2.565
144,7.2,23.143,25.693,-2.55,2.55
145,7.25,23.116,25.695,-2.579,2.579
146,7.3,22.956,25.716,-2.76,2.76
147,7.35,22.855,25.721,-2.866,2.866
148,7.4,22.796,25.71,-2.914,2.914
149,7.45,22.803,25.675,-2.872,2.872
150,7.5,22.908,25.69,-2.782,2.782
151,7.55,22.86,25.659,-2.799,2.799
152,7.6,22.779,25.588,-2.809,2.809
153,7.65,22.807,25.588,-2.781,2.781
154,7.7,22.733,25.605,-2.872,2.872
155,7.75,22.693,25.547,-2.854,2.854
156,7.8,22.852,25.562,-2.709,2.709
157,7.85,22.829,25.52,-2.691,2.691
158,7.9,22.734,25.513,-2.779,2.779
159,7.95,22.762,25.536,-2.774,2.774
160,8.0,22.807,25.467,-2.66,2.66
161,8.05,22.743,25.468,-2.725,2.725
162,8.1,22.833,25.443,-2.61,2.61
163,8.15,22.895,25.435,-2.54,2.54
164,8.2,22.856,25.416,-2.56,2.56
165,8.25,22.756,25.376,-2.62,2.62
166,8.3,22.834,25.38,-2.547,2.547
167,8.35,22.773,25.317,-2.544,2.544
168,8.4,22.822,25.308,-2.486,2.486
169,8.45,22.829,25.308,-2.479,2.479
170,8.5,22.843,25.258,-2.415,2.415
171,8.55,22.791,25.234,-2.443,2.443
172,8.6,22.839,25.235,-2.396,2.396
173,8.65,22.768,25.165,-2.397,2.397
174,8.7,22.804,25.156,-2.352,2.352
175,8.75,22.759,25.125,-2.365,2.365
176,8.8,22.736,25.052,-2.316,2.316
177,8.85,22.756,25.07,-2.313,2.313
178,8.9,22.791,24.985,-2.194,2.194
179,8.95,22.715,24.968,-2.253,2.253
180,9.0,22.639,24.989,-2.35,2.35
181,9.05,22.635,24.92,-2.285,2.285
182,9.1,22.662,24.879,-2.216,2.216
183,9.15,22.674,24.782,-2.108,2.108
184,9.2,22.589,24.813,-2.224,2.224
185,9.25,22.699,24.765,-2.066,2.066
186,9.3,22.633,24.703,-2.07,2.07
187,9.35,22.498,24.719,-2.221,2.221
188,9.4,22.494,24.617,-2.123,2.123
189,9.45,22.725,24.6,-1.874,1.874
190,9.5,22.716,24.584,-1.867,1.867
191,9.55,22.767,24.478,-1.711,1.711
192,9.6,22.58,24.447,-1.867,1.867
193,9.65,22.552,24.426,-1.874,1.874
194,9.7,22.432,24.334,-1.903,1.903
195,9.75,22.449,24.277,-1.828,1.828
196,9.8,22.504,24.244,-1.74,1.74
197,9.85,22.756,24.166,-1.41,1.41
198,9.9,22.732,24.17,-1.438,1.438
199,9.95,22.783,24.066,-1.283,1.283
200,10.0,22.731,24.032,-1.301,1.301
201,10.05,22.685,24.006,-1.321,1.321
202,10.1,22.709,23.927,-1.219,1.219
203,10.15,22.752,23.891,-1.139,1.139
204,10.2,22.721,23.799,-1.078,1.078
205,10.25,22.689,23.842,-1.153,1.153
206,10.3,22.688,23.76,-1.071,1.071
207,10.35,22.68,23.715,-1.035,1.035
208,10.4,22.641,23.748,-1.107,1.107
209,10.45,22.646,23.647,-1.002,1.002
210,10.5,22.643,23.597,-0.954,0.954
211,10.55,22.604,23.585,-0.98,0.98
212,10.6,22.549,23.554,-1.005,1.005
213,10.65,22.593,23.473,-0.88,0.88
214,10.7,22.542,23.504,-0.962,0.962
215,10.75,22.608,23.379,-0.771,0.771
216,10.8,22.627,23.359,-0.732,0.732
217,10.85,22.671,23.261,-0.59,0.59
218,10.9,22.613,23.248,-0.635,0.635
219,10.95,22.637,23.216,-0.579,0.579
220,11.0,22.662,23.146,-0.483,0.483
221,11.05,22.683,23.103,-0.42,0.42
222,11.1,22.717,23.045,-0.328,0.328
223,11.15,22.71,23.051,-0.341,0.341
224,11.2,22.693,23.015,-0.322,0.322
225,11.25,22.639,22.882,-0.243,0.243
226,11.3,22.599,22.916,-0.317,0.317
227,11.35,22.417,22.857,-0.441,0.441
228,11.4,22.351,22.758,-0.407,0.407
229,11.45,22.385,22.801,-0.416,0.416
230,11.5,21.91,22.704,-0.793,0.793
231,11.55,21.9,22.632,-0.732,0.732
232,11.6,22.039,22.651,-0.612,0.612
233,11.65,22.159,22.539,-0.38,0.38
234,11.7,22.065,22.495,-0.43,0.43
235,11.75,22.609,22.497,0.112,0.112
236,11.8,22.652,22.413,0.239,0.239
237,11.85,22.63,22.305,0.324,0.324
238,11.9,22.575,22.266,0.309,0.309
239,11.95,22.545,22.275,0.27,0.27
240,12.0,22.373,22.213,0.16,0.16
241,12.05,22.37,22.112,0.258,0.258
242,12.1,21.918,22.099,-0.18,0.18
243,12.15,21.875,22.023,-0.148,0.148
244,12.2,21.073,21.988,-0.914,0.914
245,12.25,21.224,21.967,-0.744,0.744
246,12.3,21.271,21.867,-0.597,0.597
247,12.35,21.8,21.879,-0.078,0.078
248,12.4,21.825,21.831,-0.006,0.006
249,12.45,22.814,21.725,1.089,1.089
250,12.5,22.701,21.72,0.981,0.981
251,12.55,22.661,21.683,0.978,0.978
252,12.6,22.493,21.566,0.927,0.927
253,12.65,22.448,21.631,0.818,0.818
254,12.7,22.412,21.523,0.889,0.889
255,12.75,22.392,21.493,0.899,0.899
256,12.8,22.354,21.503,0.851,0.851
257,12.85,22.45,21.393,1.057,1.057
258,12.9,22.456,21.312,1.144,1.144
259,12.95,22.286,21.257,1.029,1.029
260,13.0,22.385,21.283,1.102,1.102
261,13.05,22.409,21.171,1.238,1.238
262,13.1,22.014,21.128,0.886,0.886
263,13.15,21.971,21.109,0.862,0.862
264,13.2,22.013,21.027,0.986,0.986
265,13.25,21.746,20.997,0.749,0.749
266,13.3,21.738,21.006,0.732,0.732
267,13.35,21.926,20.969,0.957,0.957
268,13.4,22.059,20.945,1.114,1.114
269,13.45,21.722,20.943,0.779,0.779
270,13.5,21.931,20.863,1.068,1.068
271,13.55,21.948,20.873,1.075,1.075
272,13.6,22.074,20.859,1.215,1.215
273,13.65,21.599,20.82,0.779,0.779
274,13.7,22.044,20.824,1.22,1.22
275,13.75,22.005,20.752,1.253,1.253
276,13.8,21.624,20.724,0.9,0.9
277,13.85,21.354,20.729,0.625,0.625
278,13.9,21.789,20.68,1.109,1.109
279,13.95,21.698,20.582,1.115,1.115
280,14.0,20.945,20.543,0.402,0.402
281,14.05,21.353,20.563,0.79,0.79
282,14.1,21.349,20.486,0.863,0.863
283,14.15,21.342,20.366,0.976,0.976
284,14.2,21.314,20.379,0.935,0.935
285,14.25,22.257,20.319,1.938,1.938
286,14.3,22.212,20.222,1.989,1.989
287,14.35,22.611,20.282,2.329,2.329
288,14.4,22.65,20.161,2.49,2.49
289,14.45,22.385,20.138,2.247,2.247
290,14.5,21.952,20.138,1.814,1.814
291,14.55,21.404,20.025,1.378,1.378
292,14.6,21.278,19.992,1.286,1.286
293,14.65,20.98,19.911,1.069,1.069
294,14.7,21.262,19.883,1.379,1.379
295,14.75,21.601,19.877,1.723,1.723
296,14.8,22.194,19.716,2.478,2.478
297,14.85,22.042,19.649,2.392,2.392
298,14.9,22.378,19.605,2.773,2.773
299,14.95,22.47,19.548,2.923,2.923
300,15.0,22.418,19.453,2.965,2.965
301,15.05,21.434,19.356,2.078,2.078
302,15.1,21.786,19.342,2.444,2.444
303,15.15,21.77,19.291,2.479,2.479
304,15.2,21.457,19.11,2.347,2.347
305,15.25,21.538,19.191,2.347,2.347
306,15.3,22.027,19.114,2.913,2.913
307,15.35,21.519,19.038,2.481,2.481
308,15.4,20.976,18.991,1.985,1.985
309,15.45,20.584,18.897,1.687,1.687
310,15.5,20.076,18.733,1.344,1.344
311,15.55,20.035,18.743,1.292,1.292
312,15.6,19.68,18.594,1.086,1.086
313,15.65,20.102,18.518,1.585,1.585
314,15.7,19.896,18.425,1.471,1.471
315,15.75,19.65,18.415,1.235,1.235
316,15.8,19.877,18.345,1.532,1.532
317,15.85,20.486,18.296,2.189,2.189
318,15.9,19.585,18.281,1.304,1.304
319,15.95,20.26,18.216,2.044,2.044
320,16.0,20.526,18.2,2.327,2.327
321,16.05,20.546,18.171,2.375,2.375
322,16.1,20.673,18.12,2.553,2.553
323,16.15,21.257,18.114,3.143,3.143
324,16.2,20.888,18.101,2.787,2.787
325,16.25,20.283,18.026,2.257,2.257
326,16.3,19.641,18.033,1.608,1.608
327,16.35,18.52,17.985,0.535,0.535
328,16.4,17.9,17.974,-0.075,0.075
329,16.45,17.591,17.978,-0.388,0.388
330,16.5,18.299,17.926,0.373,0.373
331,16.55,18.828,17.896,0.933,0.933
332,16.6,18.958,17.904,1.054,1.054
333,16.65,19.683,17.901,1.782,1.782
334,16.7,20.383,17.871,2.512,2.512
335,16.75,19.555,17.906,1.649,1.649
336,16.8,19.841,17.911,1.931,1.931
337,16.85,20.665,17.885,2.78,2.78
338,16.9,20.714,17.871,2.843,2.843
339,16.95,20.414,17.86,2.554,2.554
340,17.0,21.258,17.835,3.422,3.422
341,17.05,21.002,17.821,3.182,3.182
342,17.1,20.6,17.818,2.783,2.783
343,17.15,20.499,17.776,2.723,2.723
344,17.2,20.842,17.773,3.069,3.069
345,17.25,20.873,17.756,3.117,3.117
346,17.3,21.096,17.74,3.355,3.355
347,17.35,20.745,17.751,2.995,2.995
348,17.4,20.14,17.713,2.427,2.427
349,17.45,20.0,17.72,2.279,2.279
350,17.5,19.987,17.708,2.279,2.279
351,17.55,19.452,17.701,1.75,1.75
352,17.6,19.777,17.702,2.075,2.075
353,17.65,20.488,17.694,2.793,2.793
354,17.7,20.686,17.633,3.053,3.053
355,17.75,20.83,17.586,3.243,3.243
356,17.8,20.98,17.526,3.454,3.454
357,17.85,21.423,17.544,3.879,3.879
358,17.9,21.177,17.503,3.675,3.675
359,17.95,20.339,17.451,2.888,2.888
360,18.0,19.888,17.484,2.404,2.404
361,18.05,20.048,17.416,2.632,2.632
362,18.1,19.76,17.389,2.371,2.371
363,18.15,19.18,17.397,1.783,1.783
364,18.2,19.219,17.321,1.898,1.898
365,18.25,19.34,17.294,2.047,2.047
366,18.3,19.325,17.28,2.045,2.045
367,18.35,19.052,17.215,1.837,1.837
368,18.4,19.891,17.198,2.693,2.693
369,18.45,20.187,17.177,3.01,3.01
370,18.5,19.689,17.145,2.544,2.544
371,18.55,19.848,17.136,2.712,2.712
372,18.6,19.632,17.106,2.526,2.526
373,18.65,19.337,17.041,2.296,2.296
374,18.7,19.475,17.067,2.408,2.408
375,18.75,19.878,17.007,2.871,2.871
376,18.8,19.531,16.966,2.565,2.565
377,18.85,20.077,16.903,3.174,3.174
378,18.9,20.038,16.928,3.111,3.111
379,18.95,19.786,16.877,2.909,2.909
380,19.0,19.702,16.828,2.874,2.874
381,19.05,19.122,16.852,2.269,2.269
382,19.1,18.558,16.776,1.782,1.782
383,19.15,18.582,16.727,1.855,1.855
384,19.2,18.332,16.749,1.584,1.584
385,19.25,18.702,16.661,2.041,2.041
386,19.3,19.598,16.658,2.939,2.939
387,19.35,20.298,16.652,3.646,3.646
388,19.4,20.657,16.622,4.035,4.035
389,19.45,21.484,16.597,4.887,4.887
390,19.5,21.312,16.547,4.765,4.765
391,19.55,21.132,16.525,4.607,4.607
392,19.6,21.064,16.508,4.557,4.557
393,19.65,21.094,16.455,4.639,4.639
394,19.7,20.813,16.437,4.376,4.376
395,19.75,21.171,16.429,4.742,4.742
396,19.8,20.617,16.364,4.253,4.253
397,19.85,19.887,16.348,3.539,3.539
398,19.9,19.547,16.283,3.264,3.264
399,19.95,19.48,16.297,3.183,3.183
400,20.0,18.682,16.271,2.411,2.411
401,20.05,19.244,16.175,3.07,3.07
402,20.1,19.42,16.214,3.206,3.206
403,20.15,19.395,16.157,3.238,3.238
404,20.2,18.984,16.103,2.881,2.881
405,20.25,18.91,16.107,2.804,2.804
406,20.3,18.314,16.086,2.227,2.227
407,20.35,18.455,16.049,2.405,2.405
408,20.4,18.582,16.051,2.53,2.53
409,20.45,19.052,16.008,3.045,3.045
410,20.5,18.729,15.952,2.777,2.777
411,20.55,19.467,15.894,3.572,3.572
412,20.6,19.101,15.884,3.217,3.217
413,20.65,18.926,15.869,3.057,3.057
414,20.7,18.82,15.812,3.008,3.008
415,20.75,19.07,15.795,3.275,3.275
416,20.8,18.798,15.746,3.053,3.053
417,20.85,18.862,15.726,3.136,3.136
418,20.9,18.593,15.721,2.873,2.873
419,20.95,18.293,15.676,2.618,2.618
420,21.0,17.825,15.674,2.151,2.151
421,21.05,17.215,15.656,1.559,1.559
422,21.1,17.732,15.627,2.104,2.104
423,21.15,17.493,15.647,1.846,1.846
424,21.2,17.914,15.602,2.312,2.312
425,21.25,18.566,15.58,2.986,2.986
426,21.3,19.044,15.595,3.449,3.449
427,21.35,18.906,15.577,3.329,3.329
428,21.4,19.218,15.556,3.662,3.662
429,21.45,19.018,15.619,3.399,3.399
430,21.5,19.238,15.596,3.642,3.642
431,21.55,18.952,15.599,3.353,3.353
432,21.6,19.024,15.638,3.386,3.386
433,21.65,18.643,15.656,2.987,2.987
434,21.7,18.246,15.578,2.668,2.668
435,21.75,17.966,15.531,2.435,2.435
436,21.8,18.049,15.531,2.519,2.519
437,21.85,17.493,15.542,1.951,1.951
438,21.9,18.114,15.542,2.572,2.572
439,21.95,17.983,15.529,2.454,2.454
440,22.0,18.511,15.545,2.966,2.966
441,22.05,18.167,15.548,2.619,2.619
442,22.1,18.586,15.546,3.04,3.04
443,22.15,18.317,15.559,2.758,2.758
444,22.2,18.726,15.568,3.158,3.158
445,22.25,18.12,15.552,2.568,2.568
446,22.3,18.124,15.618,2.506,2.506
447,22.35,18.522,15.614,2.908,2.908
448,22.4,18.418,15.604,2.814,2.814
449,22.45,18.15,15.649,2.501,2.501
450,22.5,18.694,15.63,3.063,3.063
451,22.55,19.169,15.649,3.519,3.519
452,22.6,18.294,15.701,2.592,2.592
453,22.65,18.61,15.705,2.905,2.905
454,22.7,18.626,15.687,2.939,2.939
455,22.75,18.421,15.727,2.694,2.694
456,22.8,17.89,15.757,2.133,2.133
457,22.85,18.206,15.769,2.437,2.437
458,22.9,17.631,15.781,1.851,1.851
459,22.95,17.064,15.83,1.234,1.234
460,23.0,16.632,15.823,0.809,0.809
461,23.05,16.631,15.839,0.792,0.792
462,23.1,17.237,15.876,1.361,1.361
463,23.15,16.864,15.868,0.995,0.995
464,23.2,17.079,15.929,1.15,1.15
465,23.25,17.255,15.936,1.318,1.318
466,23.3,17.075,15.963,1.112,1.112
467,23.35,16.078,15.997,0.081,0.081
468,23.4,16.763,16.0,0.763,0.763
469,23.45,16.73,16.049,0.681,0.681
470,23.5,16.517,16.071,0.445,0.445
471,23.55,16.699,16.074,0.625,0.625
472,23.6,17.164,16.104,1.061,1.061
473,23.65,16.715,16.146,0.569,0.569
474,23.7,17.638,16.162,1.475,1.475
475,23.75,17.275,16.16,1.115,1.115
476,23.8,17.859,16.178,1.681,1.681
477,23.85,17.421,16.237,1.184,1.184
478,23.9,17.38,16.221,1.159,1.159
479,23.95,17.443,16.217,1.226,1.226
480,24.0,17.875,16.278,1.597,1.597
481,24.05,17.444,16.255,1.189,1.189
482,24.1,18.084,16.298,1.786,1.786
483,24.15,18.77,16.339,2.431,2.431
484,24.2,18.002,16.321,1.68,1.68
485,24.25,17.97,16.359,1.61,1.61
486,24.3,18.326,16.382,1.944,1.944
487,24.35,18.004,16.423,1.58,1.58
488,24.4,17.491,16.418,1.073,1.073
489,24.45,17.434,16.444,0.991,0.991
490,24.5,17.493,16.46,1.032,1.032
491,24.55,17.175,16.452,0.723,0.723
492,24.6,16.843,16.457,0.386,0.386
493,24.65,17.057,16.488,0.57,0.57
494,24.7,17.041,16.489,0.552,0.552
495,24.75,17.294,16.512,0.781,0.781
496,24.8,17.741,16.482,1.259,1.259
497,24.85,18.337,16.518,1.819,1.819
498,24.9,18.583,16.515,2.069,2.069
499,24.95,18.933,16.518,2.415,2.415
500,25.0,19.166,16.532,2.634,2.634
501,25.05,19.231,16.527,2.704,2.704
502,25.1,19.297,16.555,2.742,2.742
503,25.15,19.664,16.52,3.144,3.144
504,25.2,20.168,16.548,3.62,3.62
505,25.25,19.578,16.557,3.022,3.022
506,25.3,19.054,16.539,2.515,2.515
507,25.35,18.666,16.568,2.098,2.098
508,25.4,18.378,16.544,1.834,1.834
509,25.45,17.723,16.535,1.188,1.188
510,25.5,17.795,16.561,1.234,1.234
511,25.55,18.215,16.542,1.672,1.672
512,25.6,18.637,16.543,2.093,2.093
513,25.65,18.296,16.558,1.738,1.738
514,25.7,18.364,16.566,1.798,1.798
515,25.75,19.158,16.557,2.601,2.601
516,25.8,19.698,16.57,3.128,3.128
517,25.85,19.35,16.581,2.769,2.769
518,25.9,19.916,16.562,3.353,3.353
519,25.95,20.37,16.577,3.793,3.793
520,26.0,19.768,16.573,3.195,3.195
521,26.05,18.845,16.591,2.254,2.254
522,26.1,18.845,16.614,2.23,2.23
523,26.15,18.824,16.621,2.204,2.204
524,26.2,18.802,16.637,2.165,2.165
525,26.25,19.168,16.645,2.523,2.523
526,26.3,19.356,16.611,2.745,2.745
527,26.35,20.131,16.658,3.473,3.473
528,26.4,19.787,16.646,3.141,3.141
529,26.45,19.664,16.707,2.957,2.957
530,26.5,19.863,16.674,3.189,3.189
531,26.55,20.3,16.678,3.622,3.622
532,26.6,20.28,16.722,3.558,3.558
533,26.65,20.749,16.74,4.009,4.009
534,26.7,21.153,16.751,4.401,4.401
535,26.75,20.493,16.79,3.702,3.702
536,26.8,20.394,16.783,3.611,3.611
537,26.85,19.554,16.813,2.742,2.742
538,26.9,19.18,16.835,2.345,2.345
539,26.95,18.487,16.825,1.662,1.662
540,27.0,19.261,16.838,2.424,2.424
541,27.05,18.8,16.844,1.956,1.956
542,27.1,19.466,16.86,2.606,2.606
543,27.15,20.035,16.877,3.158,3.158
544,27.2,20.403,16.885,3.518,3.518
545,27.25,20.471,16.914,3.557,3.557
546,27.3,20.897,16.923,3.974,3.974
547,27.35,20.359,16.896,3.463,3.463
548,27.4,19.658,16.975,2.683,2.683
549,27.45,19.367,16.965,2.402,2.402
550,27.5,18.498,17.006,1.492,1.492
551,27.55,18.225,16.975,1.25,1.25
552,27.6,17.871,17.015,0.856,0.856
553,27.65,17.156,17.026,0.13,0.13
554,27.7,17.067,17.024,0.043,0.043
555,27.75,17.833,17.051,0.782,0.782
556,27.8,17.9,17.062,0.838,0.838
557,27.85,18.986,17.063,1.922,1.922
558,27.9,20.132,17.119,3.013,3.013
559,27.95,20.603,17.117,3.486,3.486
560,28.0,20.575,17.112,3.463,3.463
561,28.05,20.632,17.146,3.486,3.486
562,28.1,20.684,17.16,3.524,3.524
563,28.15,20.206,17.154,3.051,3.051
564,28.2,19.811,17.171,2.64,2.64
565,28.25,19.99,17.18,2.81,2.81
566,28.3,20.221,17.223,2.998,2.998
567,28.35,19.368,17.225,2.143,2.143
568,28.4,19.945,17.223,2.722,2.722
569,28.45,20.096,17.223,2.873,2.873
570,28.5,19.455,17.261,2.194,2.194
571,28.55,19.32,17.29,2.03,2.03
572,28.6,19.894,17.268,2.625,2.625
573,28.65,19.654,17.254,2.4,2.4
574,28.7,20.142,17.295,2.847,2.847
575,28.75,20.181,17.292,2.889,2.889
576,28.8,20.619,17.326,3.292,3.292
577,28.85,20.669,17.319,3.349,3.349
578,28.9,21.008,17.317,3.69,3.69
579,28.95,20.765,17.334,3.431,3.431
580,29.0,21.224,17.331,3.893,3.893
581,29.05,20.624,17.31,3.314,3.314
582,29.1,20.876,17.343,3.533,3.533
583,29.15,20.771,17.353,3.418,3.418
584,29.2,20.678,17.345,3.333,3.333
585,29.25,19.939,17.356,2.583,2.583
586,29.3,20.645,17.358,3.287,3.287
587,29.35,19.872,17.384,2.488,2.488
588,29.4,19.068,17.374,1.694,1.694
589,29.45,19.319,17.372,1.947,1.947
590,29.5,19.3,17.371,1.93,1.93
591,29.55,19.066,17.378,1.688,1.688
592,29.6,19.615,17.375,2.24,2.24
593,29.65,20.208,17.373,2.834,2.834
594,29.7,19.497,17.378,2.119,2.119
595,29.75,20.394,17.392,3.001,3.001
596,29.8,20.394,17.374,3.02,3.02
597,29.85,20.466,17.381,3.085,3.085
598,29.9,20.964,17.376,3.588,3.588
599,29.95,21.422,17.385,4.037,4.037
600,30.0,21.076,17.374,3.702,3.702
601,30.05,21.105,17.381,3.724,3.724
602,30.1,20.337,17.378,2.959,2.959
603,30.15,19.472,17.381,2.091,2.091
604,30.2,19.504,17.383,2.121,2.121
605,30.25,19.431,17.388,2.043,2.043
606,30.3,18.732,17.386,1.346,1.346
607,30.35,19.807,17.382,2.425,2.425
608,30.4,20.541,17.372,3.168,3.168
609,30.45,20.258,17.382,2.876,2.876
610,30.5,19.868,17.375,2.492,2.492
611,30.55,20.712,17.39,3.321,3.321
612,30.6,20.068,17.379,2.689,2.689
613,30.65,19.105,17.382,1.723,1.723
614,30.7,19.528,17.38,2.147,2.147
615,30.75,20.471,17.389,3.081,3.081
616,30.8,19.943,17.387,2.556,2.556
617,30.85,20.089,17.393,2.696,2.696
618,30.9,20.905,17.38,3.525,3.525
619,30.95,21.282,17.385,3.897,3.897
620,31.0,20.894,17.373,3.52,3.52
621,31.05,21.363,17.385,3.977,3.977
622,31.1,21.605,17.383,4.222,4.222
623,31.15,21.473,17.391,4.082,4.082
624,31.2,20.815,17.405,3.411,3.411
625,31.25,20.948,17.404,3.544,3.544
626,31.3,20.746,17.404,3.342,3.342
627,31.35,19.938,17.404,2.534,2.534
628,31.4,20.225,17.406,2.818,2.818
629,31.45,20.346,17.395,2.951,2.951
630,31.5,20.464,17.388,3.077,3.077
631,31.55,20.235,17.387,2.848,2.848
632,31.6,20.772,17.4,3.372,3.372
633,31.65,20.87,17.389,3.481,3.481
634,31.7,21.228,17.395,3.833,3.833
635,31.75,20.68,17.387,3.293,3.293
636,31.8,21.12,17.394,3.726,3.726
637,31.85,21.185,17.405,3.78,3.78
638,31.9,20.246,17.402,2.844,2.844
639,31.95,20.03,17.396,2.634,2.634
640,32.0,20.464,17.407,3.057,3.057
641,32.05,20.289,17.386,2.903,2.903
642,32.1,20.153,17.42,2.733,2.733
643,32.15,20.83,17.475,3.355,3.355
644,32.2,21.134,17.446,3.687,3.687
645,32.25,21.11,17.445,3.665,3.665
646,32.3,20.637,17.528,3.109,3.109
647,32.35,21.015,17.494,3.521,3.521
648,32.4,20.342,17.543,2.799,2.799
649,32.45,20.289,17.521,2.768,2.768
650,32.5,20.386,17.547,2.839,2.839
651,32.55,20.908,17.555,3.353,3.353
652,32.6,20.28,17.605,2.675,2.675
653,32.65,20.932,17.675,3.257,3.257
654,32.7,20.414,17.664,2.751,2.751
655,32.75,20.2,17.701,2.499,2.499
656,32.8,20.116,17.767,2.349,2.349
657,32.85,20.565,17.746,2.819,2.819
658,32.9,20.62,17.786,2.834,2.834
659,32.95,20.613,17.821,2.792,2.792
660,33.0,20.878,17.891,2.987,2.987
661,33.05,21.126,17.963,3.163,3.163
662,33.1,21.072,17.976,3.096,3.096
663,33.15,21.065,18.08,2.985,2.985
664,33.2,21.385,18.066,3.319,3.319
665,33.25,20.817,18.12,2.697,2.697
666,33.3,20.255,18.189,2.066,2.066
667,33.35,19.794,18.266,1.528,1.528
668,33.4,18.915,18.342,0.574,0.574
669,33.45,18.301,18.328,-0.027,0.027
670,33.5,18.543,18.392,0.151,0.151
671,33.55,18.856,18.498,0.358,0.358
672,33.6,18.787,18.489,0.298,0.298
673,33.65,19.663,18.548,1.115,1.115
674,33.7,20.253,18.663,1.589,1.589
675,33.75,20.348,18.656,1.692,1.692
676,33.8,20.306,18.717,1.589,1.589
677,33.85,20.989,18.848,2.142,2.142
678,33.9,21.087,18.802,2.284,2.284
679,33.95,21.119,18.887,2.232,2.232
680,34.0,21.339,18.991,2.348,2.348
681,34.05,21.639,19.06,2.579,2.579
682,34.1,21.676,19.077,2.599,2.599
683,34.15,21.759,19.112,2.647,2.647
684,34.2,21.767,19.222,2.545,2.545
685,34.25,21.323,19.217,2.106,2.106
686,34.3,21.213,19.269,1.944,1.944
687,34.35,21.234,19.404,1.83,1.83
688,34.4,21.145,19.401,1.744,1.744
689,34.45,21.311,19.486,1.825,1.825
690,34.5,21.026,19.509,1.517,1.517
691,34.55,21.115,19.543,1.572,1.572
692,34.6,21.166,19.66,1.506,1.506
693,34.65,21.075,19.668,1.407,1.407
694,34.7,21.074,19.723,1.351,1.351
695,34.75,21.559,19.773,1.787,1.787
696,34.8,21.591,19.759,1.832,1.832
697,34.85,21.173,19.868,1.305,1.305
698,34.9,21.316,19.913,1.403,1.403
699,34.95,20.657,19.905,0.752,0.752
700,35.0,20.392,19.981,0.411,0.411
701,35.05,20.194,20.034,0.161,0.161
702,35.1,20.47,19.979,0.491,0.491
703,35.15,20.252,19.984,0.268,0.268
704,35.2,20.941,20.05,0.891,0.891
705,35.25,21.344,20.179,1.164,1.164
706,35.3,21.595,20.199,1.396,1.396
707,35.35,21.575,20.194,1.381,1.381
708,35.4,21.258,20.241,1.017,1.017
709,35.45,21.364,20.232,1.132,1.132
710,35.5,21.472,20.246,1.227,1.227
711,35.55,21.346,20.281,1.065,1.065
712,35.6,21.542,20.286,1.256,1.256
713,35.65,21.325,20.347,0.978,0.978
714,35.7,21.227,20.353,0.874,0.874
715,35.75,21.337,20.37,0.967,0.967
716,35.8,21.356,20.414,0.943,0.943
717,35.85,21.394,20.416,0.978,0.978
718,35.9,22.088,20.467,1.62,1.62
719,35.95,22.185,20.479,1.705,1.705
720,36.0,22.22,20.485,1.735,1.735
721,36.05,22.318,20.567,1.751,1.751
722,36.1,22.29,20.579,1.71,1.71
723,36.15,22.099,20.625,1.474,1.474
724,36.2,22.108,20.631,1.477,1.477
725,36.25,21.974,20.66,1.314,1.314
726,36.3,21.894,20.713,1.181,1.181
727,36.35,21.818,20.682,1.136,1.136
728,36.4,21.938,20.771,1.167,1.167
729,36.45,21.983,20.784,1.199,1.199
730,36.5,21.955,20.763,1.192,1.192
731,36.55,22.041,20.856,1.185,1.185
732,36.6,22.128,20.871,1.257,1.257
733,36.65,22.187,20.886,1.3,1.3
734,36.7,22.209,20.947,1.262,1.262
735,36.75,22.259,20.966,1.293,1.293
736,36.8,22.194,20.961,1.233,1.233
737,36.85,22.139,21.022,1.117,1.117
738,36.9,22.275,21.056,1.219,1.219
739,36.95,22.263,21.1,1.163,1.163
740,37.0,21.931,21.127,0.804,0.804
741,37.05,21.735,21.134,0.601,0.601
742,37.1,21.648,21.182,0.465,0.465
743,37.15,21.434,21.213,0.22,0.22
744,37.2,21.364,21.282,0.083,0.083
745,37.25,21.728,21.293,0.435,0.435
746,37.3,21.925,21.321,0.603,0.603
747,37.35,22.011,21.382,0.63,0.63
748,37.4,22.25,21.364,0.886,0.886
749,37.45,22.248,21.385,0.863,0.863
750,37.5,22.255,21.446,0.808,0.808
751,37.55,22.336,21.434,0.902,0.902
752,37.6,22.223,21.495,0.728,0.728
753,37.65,22.256,21.52,0.737,0.737
754,37.7,22.205,21.514,0.691,0.691
755,37.75,21.933,21.578,0.355,0.355
756,37.8,21.819,21.637,0.182,0.182
757,37.85,21.975,21.651,0.324,0.324
758,37.9,21.717,21.664,0.052,0.052
759,37.95,21.752,21.692,0.06,0.06
760,38.0,22.007,21.724,0.283,0.283
761,38.05,22.166,21.733,0.433,0.433
762,38.1,22.216,21.745,0.471,0.471
763,38.15,22.365,21.793,0.572,0.572
764,38.2,22.121,21.795,0.326,0.326
765,38.25,22.105,21.847,0.257,0.257
766,38.3,22.009,21.845,0.165,0.165
767,38.35,21.925,21.868,0.057,0.057
768,38.4,21.874,21.891,-0.017,0.017
769,38.45,22.069,21.895,0.174,0.174
770,38.5,22.104,21.952,0.152,0.152
771,38.55,22.148,21.955,0.193,0.193
772,38.6,22.22,21.963,0.257,0.257
773,38.65,22.351,22.01,0.341,0.341
774,38.7,22.445,21.997,0.448,0.448
775,38.75,22.454,22.026,0.428,0.428
776,38.8,22.479,22.028,0.451,0.451
777,38.85,22.467,22.065,0.402,0.402
778,38.9,22.329,22.091,0.238,0.238
779,38.95,22.261,22.112,0.149,0.149
780,39.0,22.206,22.12,0.086,0.086
781,39.05,22.099,22.15,-0.051,0.051
782,39.1,22.05,22.15,-0.1,0.1
783,39.15,22.142,22.154,-0.012,0.012
784,39.2,22.277,22.185,0.092,0.092
785,39.25,22.339,22.161,0.178,0.178
786,39.3,22.538,22.134,0.405,0.405
787,39.35,22.526,22.18,0.346,0.346
788,39.4,22.613,22.183,0.429,0.429
789,39.45,22.557,22.176,0.381,0.381
790,39.5,22.553,22.158,0.395,0.395
791,39.55,22.481,22.173,0.308,0.308
792,39.6,22.533,22.186,0.347,0.347
793,39.65,22.464,22.166,0.298,0.298
794,39.7,22.602,22.11,0.491,0.491
795,39.75,22.648,21.975,0.674,0.674
796,39.8,22.627,22.042,0.584,0.584
797,39.85,22.653,22.143,0.51,0.51
798,39.9,22.696,22.134,0.562,0.562
799,39.95,22.6,22.121,0.48,0.48
800,40.0,22.509,22.112,0.397,0.397
801,40.05,22.466,22.13,0.336,0.336
802,40.1,22.402,22.07,0.332,0.332
803,40.15,22.374,22.059,0.314,0.314
804,40.2,22.319,22.084,0.235,0.235
805,40.25,22.374,22.039,0.335,0.335
806,40.3,22.455,22.032,0.422,0.422
807,40.35,22.598,22.025,0.573,0.573
808,40.4,22.676,22.005,0.671,0.671
809,40.45,22.72,21.995,0.725,0.725
810,40.5,22.758,21.975,0.783,0.783
811,40.55,22.797,21.968,0.829,0.829
812,40.6,22.766,21.957,0.808,0.808
813,40.65,22.76,21.952,0.808,0.808
814,40.7,22.736,21.941,0.795,0.795
815,40.75,22.671,21.9,0.771,0.771
816,40.8,22.63,21.888,0.742,0.742
817,40.85,22.606,21.89,0.716,0.716
818,40.9,22.564,21.88,0.684,0.684
819,40.95,22.584,21.877,0.706,0.706
820,41.0,22.663,21.842,0.821,0.821
821,41.05,22.815,21.847,0.968,0.968
822,41.1,22.766,21.828,0.938,0.938
823,41.15,22.776,21.781,0.995,0.995
824,41.2,22.814,21.777,1.036,1.036
825,41.25,22.783,21.756,1.027,1.027
826,41.3,22.583,21.729,0.854,0.854
827,41.35,22.586,21.751,0.835,0.835
828,41.4,22.552,21.732,0.82,0.82
829,41.45,22.496,21.776,0.72,0.72
830,41.5,22.512,21.779,0.733,0.733
831,41.55,22.444,21.857,0.587,0.587
832,41.6,22.43,21.693,0.737,0.737
833,41.65,22.224,21.758,0.466,0.466
834,41.7,22.176,21.744,0.432,0.432
835,41.75,22.13,21.691,0.439,0.439
836,41.8,22.175,21.708,0.467,0.467
837,41.85,22.185,21.696,0.489,0.489
838,41.9,22.454,21.698,0.756,0.756
839,41.95,22.469,21.719,0.75,0.75
840,42.0,22.471,21.742,0.729,0.729
841,42.05,22.514,21.752,0.761,0.761
842,42.1,22.577,21.708,0.869,0.869
843,42.15,22.51,21.692,0.818,0.818
844,42.2,22.461,21.66,0.801,0.801
845,42.25,22.546,21.656,0.89,0.89
846,42.3,22.487,21.653,0.834,0.834
847,42.35,22.402,21.631,0.77,0.77
848,42.4,22.536,21.658,0.877,0.877
849,42.45,22.547,21.543,1.004,1.004
850,42.5,22.453,21.531,0.922,0.922
851,42.55,22.521,21.435,1.086,1.086
852,42.6,22.709,21.636,1.073,1.073
853,42.65,22.711,21.471,1.24,1.24
854,42.7,22.866,21.402,1.464,1.464
855,42.75,22.934,21.409,1.525,1.525
856,42.8,22.999,21.364,1.635,1.635
857,42.85,22.964,21.286,1.678,1.678
858,42.9,22.946,21.294,1.651,1.651
859,42.95,23.012,21.232,1.78,1.78
860,43.0,23.064,21.161,1.902,1.902
861,43.05,23.144,21.168,1.976,1.976
862,43.1,23.009,21.11,1.899,1.899
863,43.15,22.98,21.11,1.87,1.87
864,43.2,22.862,21.099,1.763,1.763
865,43.25,22.924,21.042,1.881,1.881
866,43.3,22.868,21.028,1.84,1.84
867,43.35,22.92,21.012,1.907,1.907
868,43.4,22.852,20.958,1.894,1.894
869,43.45,22.834,20.951,1.883,1.883
870,43.5,22.667,20.918,1.749,1.749
871,43.55,22.651,20.877,1.774,1.774
872,43.6,22.668,20.875,1.792,1.792
873,43.65,22.638,20.838,1.8,1.8
874,43.7,22.776,20.803,1.974,1.974
875,43.75,22.902,20.767,2.136,2.136
876,43.8,23.064,20.776,2.289,2.289
877,43.85,22.821,20.72,2.101,2.101
878,43.9,23.045,20.647,2.399,2.399
879,43.95,23.179,20.665,2.514,2.514
880,44.0,23.307,20.619,2.688,2.688
881,44.05,23.361,20.571,2.79,2.79
882,44.1,23.744,20.573,3.171,3.171
883,44.15,23.548,20.509,3.038,3.038
884,44.2,23.531,20.487,3.044,3.044
885,44.25,23.343,20.489,2.854,2.854
886,44.3,23.331,20.422,2.909,2.909
887,44.35,23.499,20.409,3.09,3.09
888,44.4,23.826,20.389,3.436,3.436
889,44.45,23.973,20.305,3.667,3.667
890,44.5,23.758,20.288,3.471,3.471
891,44.55,23.588,20.221,3.366,3.366
892,44.6,23.071,20.18,2.89,2.89
893,44.65,22.812,20.181,2.632,2.632
894,44.7,22.54,20.122,2.418,2.418
895,44.75,22.997,20.091,2.906,2.906
896,44.8,22.936,20.032,2.904,2.904
897,44.85,23.003,20.035,2.967,2.967
898,44.9,22.867,19.986,2.881,2.881
899,44.95,22.674,19.938,2.736,2.736
900,45.0,22.383,19.94,2.443,2.443
901,45.05,22.441,19.917,2.524,2.524
902,45.1,22.606,19.841,2.765,2.765
903,45.15,22.544,19.857,2.686,2.686
904,45.2,22.345,19.808,2.537,2.537
905,45.25,22.04,19.773,2.267,2.267
906,45.3,21.88,19.784,2.096,2.096
907,45.35,21.641,19.706,1.936,1.936
908,45.4,21.708,19.67,2.039,2.039
909,45.45,21.932,19.674,2.259,2.259
910,45.5,22.087,19.621,2.466,2.466
911,45.55,22.064,19.582,2.482,2.482
912,45.6,21.58,19.577,2.003,2.003
913,45.65,21.574,19.567,2.007,2.007
914,45.7,21.507,19.575,1.932,1.932
915,45.75,21.525,19.538,1.987,1.987
916,45.8,21.416,19.538,1.878,1.878
917,45.85,21.546,19.49,2.056,2.056
918,45.9,21.022,19.488,1.534,1.534
919,45.95,20.692,19.508,1.183,1.183
920,46.0,20.731,19.461,1.27,1.27
921,46.05,20.696,19.47,1.227,1.227
922,46.1,21.08,19.474,1.607,1.607
923,46.15,21.166,19.504,1.663,1.663
924,46.2,21.36,19.423,1.937,1.937
925,46.25,21.282,19.732,1.55,1.55
926,46.3,21.084,19.392,1.693,1.693
927,46.35,21.028,19.485,1.542,1.542
928,46.4,20.61,19.505,1.105,1.105
929,46.45,20.8,19.466,1.334,1.334
930,46.5,20.671,19.448,1.223,1.223
931,46.55,20.705,19.536,1.169,1.169
932,46.6,20.797,19.544,1.253,1.253
933,46.65,21.606,19.572,2.033,2.033
934,46.7,21.505,19.574,1.931,1.931
935,46.75,21.706,19.591,2.115,2.115
936,46.8,22.05,19.643,2.407,2.407
937,46.85,22.062,19.637,2.425,2.425
938,46.9,22.107,19.718,2.389,2.389
939,46.95,22.238,19.72,2.518,2.518
940,47.0,22.218,19.708,2.51,2.51
941,47.05,22.152,19.656,2.496,2.496
942,47.1,22.052,19.611,2.442,2.442
943,47.15,22.042,19.707,2.335,2.335
944,47.2,21.893,19.693,2.2,2.2
945,47.25,22.018,19.706,2.312,2.312
946,47.3,21.434,19.708,1.727,1.727
947,47.35,21.461,19.707,1.754,1.754
948,47.4,20.951,19.711,1.239,1.239
949,47.45,20.356,19.691,0.664,0.664
950,47.5,20.334,19.71,0.624,0.624
951,47.55,20.236,19.72,0.516,0.516
952,47.6,20.322,19.677,0.646,0.646
953,47.65,20.662,19.648,1.013,1.013
954,47.7,21.407,19.64,1.767,1.767
955,47.75,21.348,19.617,1.73,1.73
956,47.8,22.048,19.616,2.433,2.433
957,47.85,22.078,19.502,2.577,2.577
958,47.9,22.239,19.513,2.726,2.726
959,47.95,22.252,19.63,2.622,2.622
960,48.0,22.101,19.615,2.486,2.486
961,48.05,21.856,19.602,2.254,2.254
962,48.1,21.702,19.595,2.107,2.107
963,48.15,21.214,19.59,1.624,1.624
964,48.2,21.109,19.576,1.533,1.533
965,48.25,21.159,19.559,1.6,1.6
966,48.3,21.246,19.552,1.694,1.694
967,48.35,21.227,19.515,1.713,1.713
968,48.4,21.916,19.499,2.417,2.417
969,48.45,21.649,19.507,2.142,2.142
970,48.5,21.834,19.482,2.352,2.352
971,48.55,21.593,19.439,2.154,2.154
972,48.6,21.943,19.449,2.494,2.494
973,48.65,20.92,19.477,1.443,1.443
974,48.7,21.288,19.439,1.849,1.849
975,48.75,20.838,19.387,1.451,1.451
976,48.8,20.748,19.448,1.299,1.299
977,48.85,19.563,19.341,0.223,0.223
978,48.9,19.949,19.355,0.594,0.594
979,48.95,18.793,19.41,-0.616,0.616
980,49.0,18.24,19.333,-1.093,1.093
981,49.05,18.476,19.319,-0.843,0.843
982,49.1,18.952,19.31,-0.358,0.358
983,49.15,19.418,19.268,0.15,0.15
984,49.2,20.329,19.256,1.073,1.073
985,49.25,21.249,19.251,1.998,1.998
986,49.3,21.223,19.233,1.99,1.99
987,49.35,21.686,19.236,2.451,2.451
988,49.4,21.496,19.211,2.286,2.286
989,49.45,21.625,19.205,2.42,2.42
990,49.5,21.502,19.201,2.301,2.301
991,49.55,21.732,19.186,2.545,2.545
992,49.6,21.715,19.182,2.533,2.533
993,49.65,21.289,19.154,2.135,2.135
994,49.7,20.782,19.161,1.62,1.62
995,49.75,20.682,19.142,1.54,1.54
996,49.8,20.617,19.127,1.49,1.49
997,49.85,20.754,19.137,1.617,1.617
998,49.9,20.432,19.127,1.305,1.305
999,49.95,20.975,19.107,1.867,1.867
1000,50.0,20.652,19.109,1.543,1.543
1001,50.05,20.756,19.084,1.673,1.673
1002,50.1,20.646,19.078,1.568,1.568
1003,50.15,21.412,19.074,2.337,2.337
1004,50.2,21.214,19.094,2.12,2.12
1005,50.25,21.301,19.255,2.046,2.046
1006,50.3,21.384,19.24,2.143,2.143
1007,50.35,20.855,19.075,1.779,1.779
1008,50.4,20.625,19.093,1.533,1.533
1009,50.45,20.643,19.069,1.574,1.574
1010,50.5,20.888,19.076,1.812,1.812
1011,50.55,20.763,19.057,1.706,1.706
1012,50.6,21.316,19.093,2.223,2.223
1013,50.65,21.714,19.093,2.62,2.62
1014,50.7,21.739,19.091,2.647,2.647
1015,50.75,21.92,19.101,2.819,2.819
1016,50.8,21.616,19.093,2.523,2.523
1017,50.85,21.551,19.099,2.452,2.452
1018,50.9,21.611,19.103,2.507,2.507
1019,50.95,21.614,19.12,2.494,2.494
1020,51.0,21.476,19.145,2.331,2.331
1021,51.05,21.88,19.134,2.745,2.745
1022,51.1,21.649,19.153,2.495,2.495
1023,51.15,21.216,19.16,2.057,2.057
1024,51.2,20.926,19.157,1.769,1.769
1025,51.25,20.852,19.168,1.684,1.684
1026,51.3,20.529,19.173,1.356,1.356
1027,51.35,20.434,19.182,1.253,1.253
1028,51.4,20.644,19.192,1.452,1.452
1029,51.45,21.045,19.194,1.851,1.851
1030,51.5,21.09,19.191,1.899,1.899
1031,51.55,21.1,19.193,1.907,1.907
1032,51.6,21.526,19.183,2.342,2.342
1033,51.65,21.419,19.195,2.224,2.224
1034,51.7,21.634,19.203,2.431,2.431
1035,51.75,21.679,19.199,2.48,2.48
1036,51.8,21.655,19.198,2.457,2.457
1037,51.85,21.245,19.197,2.048,2.048
1038,51.9,20.62,19.208,1.412,1.412
1039,51.95,19.755,19.202,0.553,0.553
1040,52.0,19.692,19.192,0.5,0.5
1041,52.05,19.6,19.181,0.419,0.419
1042,52.1,19.731,19.201,0.53,0.53
1043,52.15,19.923,19.157,0.766,0.766
1044,52.2,20.555,19.158,1.397,1.397
1045,52.25,20.258,19.154,1.105,1.105
1046,52.3,20.084,19.141,0.943,0.943
1047,52.35,20.275,19.09,1.185,1.185
1048,52.4,20.96,19.11,1.851,1.851
1049,52.45,20.789,19.007,1.782,1.782
1050,52.5,20.986,19.012,1.974,1.974
1051,52.55,21.097,19.115,1.981,1.981
1052,52.6,20.64,19.117,1.523,1.523
1053,52.65,19.831,19.03,0.801,0.801
1054,52.7,19.054,19.044,0.01,0.01
1055,52.75,18.776,19.028,-0.252,0.252
1056,52.8,18.566,18.983,-0.417,0.417
1057,52.85,18.645,19.008,-0.363,0.363
1058,52.9,18.552,18.986,-0.435,0.435
1059,52.95,19.43,18.957,0.473,0.473
1060,53.0,19.677,18.957,0.72,0.72
1061,53.05,20.259,18.948,1.31,1.31
1062,53.1,20.327,18.921,1.406,1.406
1063,53.15,20.746,18.907,1.84,1.84
1064,53.2,20.828,18.888,1.94,1.94
1065,53.25,20.872,18.878,1.995,1.995
1066,53.3,20.214,18.863,1.351,1.351
1067,53.35,20.21,18.844,1.367,1.367
1068,53.4,20.398,18.822,1.575,1.575
1069,53.45,20.118,18.793,1.326,1.326
1070,53.5,20.456,18.794,1.663,1.663
1071,53.55,21.056,18.775,2.281,2.281
1072,53.6,20.397,18.743,1.654,1.654
1073,53.65,20.608,18.731,1.878,1.878
1074,53.7,20.788,18.737,2.05,2.05
1075,53.75,20.215,18.696,1.519,1.519
1076,53.8,19.95,18.689,1.261,1.261
1077,53.85,20.142,18.655,1.488,1.488
1078,53.9,19.325,18.614,0.711,0.711
1079,53.95,19.012,18.63,0.382,0.382
1080,54.0,19.001,18.567,0.434,0.434
1081,54.05,19.218,18.505,0.713,0.713
1082,54.1,19.357,18.499,0.858,0.858
1083,54.15,19.644,18.455,1.189,1.189
1084,54.2,19.818,18.436,1.382,1.382
1085,54.25,19.735,18.37,1.365,1.365
1086,54.3,19.243,18.349,0.895,0.895
1087,54.35,19.728,18.33,1.398,1.398
1088,54.4,20.129,18.256,1.873,1.873
1089,54.45,20.222,18.232,1.989,1.989
1090,54.5,20.622,18.168,2.454,2.454
1091,54.55,21.077,18.174,2.902,2.902
1092,54.6,21.195,18.136,3.058,3.058
1093,54.65,20.53,18.092,2.439,2.439
1094,54.7,20.236,18.106,2.131,2.131
1095,54.75,20.256,18.055,2.201,2.201
1096,54.8,20.534,17.999,2.536,2.536
1097,54.85,20.621,18.023,2.598,2.598
1098,54.9,21.342,17.943,3.399,3.399
1099,54.95,21.461,17.885,3.576,3.576
1100,55.0,21.584,17.899,3.685,3.685
1101,55.05,21.391,17.854,3.537,3.537
1102,55.1,21.223,17.802,3.421,3.421
1103,55.15,20.993,17.831,3.162,3.162
1104,55.2,21.128,17.78,3.348,3.348
1105,55.25,20.936,17.742,3.194,3.194
1106,55.3,20.632,17.68,2.952,2.952
1107,55.35,20.782,17.669,3.113,3.113
1108,55.4,20.286,17.642,2.644,2.644
1109,55.45,20.186,17.568,2.619,2.619
1110,55.5,20.167,17.56,2.607,2.607
1111,55.55,20.119,17.504,2.615,2.615
1112,55.6,19.717,17.48,2.236,2.236
1113,55.65,20.329,17.46,2.869,2.869
1114,55.7,20.305,17.411,2.894,2.894
1115,55.75,20.428,17.401,3.027,3.027
1116,55.8,20.109,17.379,2.729,2.729
1117,55.85,20.33,17.32,3.01,3.01
1118,55.9,20.037,17.323,2.713,2.713
1119,55.95,20.133,17.258,2.875,2.875
1120,56.0,19.262,17.202,2.06,2.06
1121,56.05,19.269,17.215,2.054,2.054
1122,56.1,18.921,17.135,1.786,1.786
1123,56.15,18.628,17.089,1.539,1.539
1124,56.2,18.455,17.099,1.357,1.357
1125,56.25,19.253,17.045,2.208,2.208
1126,56.3,19.583,16.998,2.585,2.585
1127,56.35,20.036,16.962,3.075,3.075
1128,56.4,19.944,16.971,2.972,2.972
1129,56.45,20.259,16.934,3.325,3.325
1130,56.5,19.951,16.877,3.074,3.074
1131,56.55,20.302,16.879,3.424,3.424
1132,56.6,20.113,16.822,3.291,3.291
1133,56.65,20.19,16.796,3.394,3.394
1134,56.7,19.449,16.79,2.659,2.659
1135,56.75,19.88,16.734,3.147,3.147
1136,56.8,19.731,16.709,3.022,3.022
1137,56.85,19.407,16.693,2.714,2.714
1138,56.9,20.074,16.62,3.453,3.453
1139,56.95,20.347,16.626,3.721,3.721
1140,57.0,20.323,16.584,3.739,3.739
1141,57.05,20.33,16.559,3.771,3.771
1142,57.1,20.652,16.558,4.094,4.094
1143,57.15,20.708,16.492,4.217,4.217
1144,57.2,20.548,16.467,4.081,4.081
1145,57.25,19.75,16.461,3.29,3.29
1146,57.3,19.429,16.418,3.011,3.011
1147,57.35,19.357,16.348,3.009,3.009
1148,57.4,18.816,16.307,2.509,2.509
1149,57.45,19.022,16.322,2.7,2.7
1150,57.5,19.31,16.271,3.039,3.039
1151,57.55,19.044,16.234,2.81,2.81
1152,57.6,18.494,16.239,2.255,2.255
1153,57.65,18.486,16.164,2.322,2.322
1154,57.7,18.232,16.133,2.099,2.099
1155,57.75,18.738,16.138,2.6,2.6
1156,57.8,19.235,16.092,3.144,3.144
1157,57.85,19.849,16.049,3.8,3.8
1158,57.9,20.083,16.037,4.045,4.045
1159,57.95,20.521,16.03,4.491,4.491
1160,58.0,19.966,16.013,3.953,3.953
1161,58.05,19.772,15.992,3.78,3.78
1162,58.1,19.102,16.008,3.094,3.094
1163,58.15,18.342,16.001,2.341,2.341
1164,58.2,17.83,15.958,1.872,1.872
1165,58.25,17.863,15.905,1.958,1.958
1166,58.3,17.427,15.841,1.586,1.586
1167,58.35,17.369,15.828,1.541,1.541
1168,58.4,17.48,15.811,1.669,1.669
1169,58.45,17.186,15.77,1.416,1.416
1170,58.5,16.492,15.767,0.725,0.725
1171,58.55,16.332,15.76,0.573,0.573
1172,58.6,16.166,15.737,0.429,0.429
1173,58.65,16.106,15.755,0.351,0.351
1174,58.7,16.395,15.709,0.687,0.687
1175,58.75,16.696,15.699,0.997,0.997
1176,58.8,16.864,15.721,1.143,1.143
1177,58.85,17.056,15.706,1.35,1.35
1178,58.9,17.101,15.698,1.403,1.403
1179,58.95,16.821,15.716,1.106,1.106
1180,59.0,16.621,15.662,0.959,0.959
1181,59.05,16.191,15.608,0.583,0.583
1182,59.1,15.921,15.663,0.259,0.259
1183,59.15,15.977,15.661,0.316,0.316
1184,59.2,16.057,15.681,0.376,0.376
1185,59.25,16.087,15.654,0.433,0.433
1186,59.3,16.311,15.644,0.667,0.667
1187,59.35,16.265,15.657,0.608,0.608
1188,59.4,16.111,15.662,0.449,0.449
1189,59.45,16.479,15.664,0.814,0.814
1190,59.5,16.724,15.673,1.051,1.051
1191,59.55,16.864,15.678,1.186,1.186
1192,59.6,17.004,15.687,1.317,1.317
1193,59.65,17.087,15.684,1.403,1.403
1194,59.7,16.678,15.687,0.992,0.992
1195,59.75,16.458,15.727,0.73,0.73
1196,59.8,16.248,15.722,0.526,0.526
1197,59.85,16.413,15.721,0.692,0.692
1198,59.9,16.526,15.764,0.762,0.762
1199,59.95,16.624,15.766,0.858,0.858
